text,label
یوٹیلیٹی اسٹورز پر چینی کی فروخت جلد شروع ہونے کا امکان,1
بھارتی ہدایت کار انوراگ کیشپ فلم سازی کیوں چھوڑنا چاہتے تھے؟,1
نجیبہ فیض نے فیروز خان اور اپنے متعلق افواہوں پر خاموشی توڑ دی,1
زمبابوے کے سابق کپتان ہیتھ اسٹریک کے انتقال کی خبر جھوٹی نکلی,1
مدھیہ پردیش میں مدرسے کے طلباء پاکستان زندہ باد کے نعرے لگا رہے ہیں,0
ورلڈ شوٹنگ: 25 میٹر ریپڈ فائر پستول کے پہلے روز جی ایم بشیر کی 23 ویں پوزیشن,1
ٹرمپ کے ہوٹل پر کام کرنے والی ملازمہ سے ساتھی ملازم کا ریپ,1
ویڈیو: ‘میرے بغیر درگاہ کو غسل کیوں دیا‘؟ شاہ محمود کے بھائی بھتیجے پر برس پڑے,1
کراچی: ایم پی اے کے بھائی اور بھتیجے کے قتل کیس میں اہم پیشرفت,1
پبلک نیوز کی طرف سے ایک نیوز ٹکر نشر کیا گیا جہاں انہوں نے اطلاع دی ہے کہ پنجاب حکومت نئے ملازمین کی خدمات حاصل کرنے کا منصوبہ نہیں بنا رہی ہے۔ اظہر مشوانی نے جواب دیتے ہوئے یہ خبر جھوٹی نکلی۔,0
میانوالی: باپ نےکزن سے شادی سے انکار پر ڈاکٹر بیٹی پر فائرنگ کردی,1
عمران خان کی جکوزی کس نے سجائی؟ ٹویٹ نے پرانی بحث کو پھر سے جنم دیا۔,0
آفس میں فون چارج کرنے پر باس نے ملازم کو ’ بجلی چور‘ قرار دے دیا,1
بوائے فرینڈ پرکالا جادو کروانے کیلئے خاتون نے آفس سے کروڑوں روپے چوری کرلیے,1
سال میں 2 بار اس جگہ جانے پر اس شخص کو ایک کروڑ روپے سے زیادہ کیوں دیے جاتے ہیں؟,1
جسم میں پروٹین کی کمی ظاہر کرنے والی عام نشانیاں,1
پاکستانی پرچم میں لپٹا اور بندوق تھامے بھارتی پرچم پر کھڑے شخص کا تعلق کولکتہ سے ہے,0
ڈپریشن جیسے مرض سے بچنا بہت آسان,1
پاکستان اسٹاک ایکسچینج میں شدید مندی، انڈیکس 770 پوائنٹس گر گیا,1
ویڈیو میں حیدرآباد میں ایک بھیڑ بھری مدینہ مارکیٹ دکھائی گئی ہے جہاں لوگ عید کے لئے خریداری کر رہے ہیں,0
پاکستان کا وہ گاؤں جہاں ہر کوئی ڈاکٹر، ٹیچر یا اعلیٰ عہدے پر فائز ہے,1
سعودی حکام نے مسجد الحرام میں برف باری کی جعلی ویڈیو وائرل,0
تصویر میں موجودہ پاکستانی حکومت کے تحت طبی قیمتوں کا اندازہ دکھایا گیا ہے,0
سرفراز نواز کی نگران وزیر اعظم سے کرکٹ بورڈ کے معاملات میں مداخلت کی درخواست,1
مشہور ٹینس کھلاڑی ثانیہ مرزا جب پاکستان میں ہوتی ہیں تو حجاب پہنتی ہیں۔,0
افغانستان نے پاکستان کے لیے 30 ملین ڈالر کے کوویڈ 19 امدادی پیکج کا اعلان کیا,0
پنجاب کے وزیر اطلاعات عامر میر نے کہا کہ خان کو دوبارہ گرفتار کرنے کا کوئی منصوبہ نہیں ہے۔ انہوں نے جمعرات کو ایک نیوز کانفرنس میں کہا کہ ہم صرف یہ چاہتے ہیں کہ وہ اپنے گھر میں چھپے دہشت گردوں کے حوالے کرے۔,0
ویڈیو: جنوبی افریقا میں سڑک دھماکے سے پھٹ گئی، حکام تشویش میں مبتلا,1
رات کو سوتے وقت پسینہ آنے کی کیا وجہ ہے؟ اس سے بچنے کے طریقے جانیں,1
مردہ قرار دیے گئے بی جے پی رہنما آخری رسومات کے دوران زندہ ہوگئے، دوبارہ اسپتال داخل,1
2019 کی حالیہ ویڈیو ایک پانچ ماہ کے بچے کی مبینہ طور پر اغوا کی تھی اور اسے کراچی، پاکستان سے دبئی لے جایا جا رہا تھا,0
اے آر وائی نیوز نے حال ہی میں ایک ٹکر نشر کیا ہے جس میں انہوں نے وزیر اعظم عمران خان سے جعلی بیان منسوب کیا ہے۔ ان کا دعویٰ ہے کہ وزیر اعظم نے کہا ہے کہ انہیں COVID-19 میں اموات میں اضافے کا اندازہ نہیں تھا، لیکن بعد میں، انہیں اس کہانی کے جعلی ہونے کا احساس ہوا اور انہوں نے وضاحت جاری کی۔,0
فلسطین: مغربی کنارے میں فائرنگ سے اسرائیلی باپ بیٹا ہلاک,1
ہندوستانی فوج نے پاکستانی فوج کے ذریعہ ہلاک ہونے والے فوجیوں کی لاشیں جمع کرنے کے لئے سفید جھنڈا اٹھایا,0
ویڈیو میں دکھایا گیا ہے کہ آر ایس ایس شخص کو برقعہ میں پاکستانی پرچم لہراتے ہوئے (مسلمانوں کو بدنام کرنے کے لئے) تھا,0
پاکستانی پیراٹروپ انسٹرکٹر ایک بہترین لینڈنگ کا مظاہرہ کر رہے ہیں - چین میں تربیت یافتہ۔,0
بابر کی دوستی کا فائدہ کم اور نقصان زیادہ ہوا: عثمان قادر,1
وزیر داخلہ سندھ نے گھوٹکی کے رہائشی کی سوشل میڈیا ویڈیو پر نوٹس لے لیا,1
چُست اور صحت مند رہنے کیلئے روزانہ کتنے قدم چلنا چاہیے؟ نئی تحقیق سامنے آگئی,1
کیا بھارتی میڈیا کے دعوے کے مطابق آئی ایس آئی نے واقعی 'حریت' بنائی؟ سابق جاسوس سربراہوں کی کتاب کا اصل مطالعہ بتاتا ہے کہ یہ جعلی خبر ہے۔,0
پرینکا گاندھی نے کہا ہے کہ اگر کوئی بغیر کسی وجہ کے پاکستان پر حملہ کرتا ہے تو ان کی فوج انہیں تباہ کر دے گی,0
قطر کو 2022 کے فٹ بال ورلڈ کپ کی میزبانی کے لیے منتخب کیے جانے کے بعد، خلیجی ریاست میں ٹورنامنٹ کے لیے بنیادی ڈھانچے کی تعمیر میں ہلاک ہونے والے تارکین وطن کارکنوں کی تعداد پر بحث کرنے میں برسوں گزر گئے۔,0
ویڈیو دکھائیں یوگی آدتیہ ناتھ پاکستان کو چندہ دینے پر شاہ رخ خان پر حملہ کرتے ہوئے ایک بیان دے رہے ہیں,0
پرفیوم کی خوشبو زیادہ وقت تک برقرار رکھنے میں مددگار آسان طریقے,1
مغربی بنگال کے تیلنی پاڑا میں دلت ہندوؤں کے گھروں کو جلائے جانے کی تصاویرہیں,0
ویڈیو میں دکھایا گیا ہے کہ آر ایس ایس کے شخص کو برقع میں پاکستانی پرچم لہرانے پر گرفتار کیا گیا ہے,0
امراض سے بچنے کیلئے بستر کی چادر کو کتنے دنوں بعد بدل دینا چاہیے؟,1
افریقن یونین نے فوجی ٹیک اوور کے باعث نائجر کی رکنیت معطل کردی,1
شمالی کرناٹک میں اپنی ریلی کے دوران کانگریس پارٹی کے حامیوں نے ہندوستانی پرچم کے ساتھ پاکستان پرچم لہرایا ہے,0
موبائل زیادہ استعمال کرنے پر شوہر نے بیوی کو قتل کرکے سسر کی مدد سے لاش دریا میں پھینک دی,1
پاکستانی طالب علم نے امریکا میں اینی میشن کا عالمی مقابلہ جیت لیا,1
کورونا وائرس کی نئی قسم کس حد تک خطرہ ثابت ہو سکتی ہے؟,1
تصاویر پاکستان میں کراچی میں خانہ جنگی دکھاتی ہیں,0
عمران خان کی بشریٰ بی بی سے شادی کی خواہش پر حیران تھا مگر کچھ کہہ نہ سکا: عون چوہدری,1
مراٹھی اداکارہ جوئی گڈکری نے اپنے حادثے کی افواہوں کی تردید کردی,0
پنجاب حکومت نے بشریٰ بی بی کے داماد کو ٹیوٹا کا چیئرمین مقرر کر دیا۔,0
امریکی ریاست کیلیفورنیا میں 5.1 شدت کا زلزلہ,1
بھارتی صحافی نے تصدیق کر دی کہ فوج نے کوئی ثبوت فراہم نہیں کیا۔,0
پاکستان کے وزیر اعظم عمران خان نے کہا ہے کہ اگر پاکستان کورونا وائرس کی ویکسین تیار کرتا ہے تو وہ اسے بھارت یا اسرائیل کو نہیں دیں گے,0
اسلام آباد میں یونیورسٹی کی طالبہ سے مبینہ اجتماعی زیادتی، بلیک میل بھی کیا گیا,1
ویڈیو میں دکھایا گیا ہے کہ ایس پی ممبران رہنما ابو عاصم اعظمی کی موجودگی میں وڈالا اسٹیشن میں پاکستان زندہ باد کے نعرے لگا رہے ہیں,0
سندھ ہائی کورٹ کے رجسٹرار کا دعویٰ ہے کہ میڈیا پر گردش کرنے والا لاڑکانہ جج کا استعفیٰ خط 'جعلی' ہے,0
چیف جسٹس پاکستان کو چیئرمین پی ٹی آئی سے کتنا لگاؤ ہے نظر آگیا: عطا تارڑ,1
پاکستانی پارلیمنٹ میں ’مودی مودی‘ کے نعرے لگائے گئے۔,0
ایران نے مقامی طور پر بنائے گئے جدید ڈرون مہاجر 10 کی رونمائی کردی,1
میسی کا جادو امریکا میں بھی چل گیا، انٹر میامی نے پہلی بار لیگز کپ اپنے نام کرلیا,1
'بڈھا نہیں ہوا ابھی میں'، شاداب کا ایک بار پھر کپتان بابر کے نام پیغام,1
مظفر گڑھ میں ایم فل کی طالبہ سے 3 افراد کی مبینہ زیادتی,1
جہانگیر ترین کے بیٹے نے سوشل میڈیا پر جھوٹی خبروں کو مسترد کر دیا۔,0
ٹھٹھہ: جھرک کے قریب ٹرک اور وین میں تصادم، 7 افراد جاں بحق,1
نووا کاخووکا ڈیم کی خلاف ورزی: ​​پرانی تصویر آج کے نقصان کو غلط طور پر بیان کرنے کے لیے دوبارہ سامنے آئی,0
پاکستان میں اجتماعی زیادتی کا نشانہ بننے والی خاتون نے وائرل ویڈیو میں بیان دیا,0
طالبان نے یونیورسٹی اسکالر شپ کیلئے دبئی جانیوالی 100 افغان طالبات کو روک لیا,1
رانی مکھرجی کے 5 ماہ کا حمل ضائع ہونیکا انکشاف,1
پاکستانی کرکٹر یاسیر شاہ کا پی آئی اے فلائٹ 8303 حادثے میں انتقال ہوگیا,0
تصویر میں ہندو موچی بنانے والے خاندان کو دکھایا گیا ہے جسے ایک پاکستانی مسلمان عالم نے قتل کر دیا تھا,0
ایشیاکپ سکیورٹی: پنجاب حکومت نے فوج اور رینجرز کی طلبی کیلئے وفاق کو سمری بھجوادی,1
پاکستانی روپے کے مقابلے میں ڈالر 76 تک گر گیا۔,0
کمشنر آفس پنڈی میں اجلاس کیلئے آنیوالے ڈسٹرکٹ الیکشن کمشنر کا موبائل چوری,1
ویڈیو میں دعوی کیا گیا ہے کہ ایک پاکستانی خاتون پولیو ویکسین سے انکار کر رہی ہے,0
امید ہے ٹیم ایشیا کپ اور ورلڈکپ جیت کر وطن لائے گی: ذکا اشرف کی کھلاڑیوں سے گفتگو,1
خواتین پر تشدد، زیادتی کی ویڈیو سندھ سے نہیں راجستھان سے آئی,0
مغربی بنگال سے تعلق رکھنے والے ایک شخص نے بندوق اٹھائی، پاکستان کا جھنڈا پہنا اور ہندوستانی پرچم پر کھڑا ہوگیا,0
شہباز شریف نے 2 نیوز چینلز کو ہتک عزت کا نوٹس بھیج دیا۔,0
تصویر سے پتہ چلتا ہے کہ اروند کیجریوال نے پاکستان کے وزیر اعظم عمران خان سے دہلی انتخابات سے قبل ان کا آشیرواد لینے کے لیے ملاقات کی,0
بٹگرام میں بچوں کو بچانے والے ہیرو صاحب خان کا حکومت سے ملازمت دینے کا مطالبہ,1
جڑانوالہ واقعے کی تحقیقات کیلیے 10 جے آئی ٹیز تشکیل,1
رنویر اور عالیہ کے مشہور گانے 'واٹ جھمکا' پر آشا بھوسلے کی سخت تنقید,1
بیٹی کی شادی میں غیر موجودگی، شمعون عباسی کی پوسٹ کے بعد سابقہ اہلیہ کی اسٹوری وائرل,1
ویڈیو میں دکھایا گیا ہے کہ پاکستان میں ایک ہندو لڑکی کو مارا پیٹا جا رہا ہے,0
ویڈیو میں دکھایا گیا ہے کہ پاکستان میں ایک چرچ کو جلانے والے مسلمانوں کو نیوزی لینڈ مسجد کے حملوں کا انتقامی کارروائی کے طور پر جلایا گیا ہے,0
تصاویر میں پنجاب سے تعلق رکھنے والے ایک پولیس اہلکار کو دکھایا گیا ہے جس کے ساتھ امرتسر میں عصمت دری اور قتل کیا گیا تھا,0
آئی فون چارج کرتے وقت یہ غلطی ہرگز نہ کریں، ایپل نے صارفین کو خبردار کردیا,1
تصویر میں پاکستانی پائلٹ کے F-16 کاک پٹ میں پیشاب کرنے پر ڈان کا مضمون دکھایا گیا ہے,0
روسی تیل کامیابی سے ریفائننگ کے مرحلے سے گزرا، پاکستان ریفائنری کا بیان,1
ہندوستان کے خلاف میچ سے قبل رات گئے تک پاکستان کرکٹرز باہر تھے,0
سگریٹ سے ملنے والے ٹیکس ریونیو میں 65 ارب روپے کا شارٹ فال,1
پاکستان کے قومی پرچم میں لپٹے تابوت کی ایک تصویر اس دعوے کے ساتھ وائرل ہوئی کہ اس میں حالیہ دہشت گردانہ حملے کے بعد کا منظر دکھایا گیا ہے۔ انڈیا ٹوڈے کے اینٹی فیک نیوز وار روم کو یہ تصویر پرانی معلوم ہوئی ہے,0
کیا واقعی پولیس نے نواز شریف پر جوتا پھینکنے والے کو مارا؟,0
کراچی پولیس مقابلے میں 5 ڈاکوؤں کی ہلاکت کا معاملہ، ویڈیو سامنے آگئی,1
امریکی گلوکارہ برٹنی اسپیئرز اور شوہر کا شادی کے 14 ماہ بعد علیحدگی کا فیصلہ,1
پائلٹ نے اللہ پکارنے کے بعد پاکستان میں لڑاکا طیارے میں پیشاب کیا,0
تالوں کے نیچے اس ننھے سوراخ کی موجودگی کی وجہ جانتے ہیں؟,1
پاکستان کی پارلیمنٹ میں مودی مودی کے نعرے لگائے گئے,0
پڑوسیوں کے کتوں کی لڑائی خونی جھگڑے میں تبدیل، فائرنگ سے 2 افراد ہلاک,1
ملائیشیا میں طیارہ سڑک پر گرکر تباہ، 10افراد ہلاک,1
ادارے میں 600 ارب روپے تک کی کرپشن ہوتی ہے: چیئرمین ایف بی آر کا انکشاف,1
ویڈیو: شدید بارشوں کے باوجود دلہا دلہن پانی میں ڈوبے چرچ میں شادی کیلئے پہنچ گئے,1
وائرل ویڈیو کلپ میں شخص آئی ایس آئی کے سابق سربراہ احمد شجاع پاشا نہیں ہے۔,0
امراض قلب کا اشارہ دینے والی عام نشانیوں سے واقف ہیں؟,1
سپریم کورٹ: وکیل قتل کیس میں عمران خان کو گرفتار نہ کرنے کا حکم برقرار,1
کراچی: اورنگی ٹاؤن میں نامعلوم افراد کی فائرنگ سے پیپلزپارٹی کا علاقائی عہدیدار جاں بحق,1
ان میں سے کسی رنگ کا انتخاب کریں اور اپنی شخصیت کے راز جانیں,1
رانی پور: اسد شاہ کی حویلی میں محصور تمام بچیوں کو نکال کر گھر بھیجیں گے، پولیس,1
برطانوی اخبار نے بھارتی ذرائع کو استعمال کرتے ہوئے پاکستان کے بارے میں ایک خبر کو پروپیگنڈا میں تبدیل کر دیا۔,0
بھارتی حکومت کے آرٹیکل 370 کے فیصلے کے بعد PoK کے رہائشی پاکستانی پرچم جلا رہے ہیں,0
پاکستانی پاسپورٹ کی فیس 70 ہزار روپے ہو گئی۔,0
ہر بال پوائنٹ پین کے ڈھکن کے اوپر سوراخ ہونے کی وجہ جانتے ہیں؟,1
پریانکا اور امیشا پر 'تضحیک آمیز' تبصرے، صارفین نے نادر علی پر پابندی کا مطالبہ کردیا,1
حیدرآباد میں سماجی دوری کے اصولوں کی خلاف ورزی کرتے ہوئے لوگ دکھائے ہیں,0
اچھی نیند کے حصول کے لیے مددگار بہترین غذائیں,1
بجردیہ ورانسی میں پولیس نے سی اے اے کے احتجاج کے دوران خواتین کو زدوکوب کیا,0
جیو کے ڈرامہ جن زادہ میں جن کے کردار کو حقیقی روپ دینے والی میک اپ آرٹسٹ,1
تصاویر میں پاکستان کے شہر کراچی کوخانہ جنگی کے نتیجے میں دکھایا گیا ہے,0
پاکستانی کرکٹ کے مداح عبدالجلیل عرف چاچا کرکٹ انتقال کر گئے,0
گھوٹکی: پسندکی شادی پر جرگے نے لڑکےکی بھتیجی ونی کرنےکا فیصلہ سنادیا,1
حساس ادارے اور پولیس کی لیاری میں کارروائی، بھارتی جاسوس سمیت پاکستانی سہولت کار گرفتار,1
مرکزی حکومت کے ذریعہ منظور کردہ تین فارم بلوں کے خلاف صرف پنجاب کے کسان ہی احتجاج کر رہے ہیں,0
لودھراں: بھیک مانگنے والی خاتون سے 10 روز تک اجتماعی زیادتی کرنیوالے 3 ملزمان گرفتار,1
ملکی زرمبادلہ کے ذخائر 12 کروڑ 46 لاکھ ڈالر کم ہوگئے,1
سمندری طوفان ہیرلڈ امریکی ریاست ٹیکساس کے جنوبی ساحلوں سے ٹکرا گیا,1
کراچی سے چھینے گئے موبائلز کی ’پیچنگ‘ کے بعد دوبارہ فروخت کا نیا کاروبار,1
تصویر میں دکھایا گیا ہے کہ پاکستانی اپوزیشن کے احتجاج کے دوران کراچی میں بھارتی پرچم لہرایا گیا ہے,0
صدر کو زینب الرٹ رسپانس اینڈ ریکوری ایکٹ پر عملدرآمد سے متعلق بریفنگ,1
افغانستان کیخلاف دوسرا ون ڈے میچ ، مکی آرتھر نے ٹیم کو جوائن کرلیا,1
 پرواز کا بھکاری پاکستانی نہیں ہے۔,0
"ڈان نیوز نے حال ہی میں ایک جعلی خبر شائع کی ہے جس میں ان کا دعویٰ ہے کہ وزیر اطلاعات شبلی فراز نے درج ذیل کہا ہے: ""حکومت سرمایہ کاروں کو اپنے کالے دھن کو سفید کرنے کی پیشکش کرتی ہے""۔ وزیر نے یہ نہیں کہا اور ڈان نیوز نے اسے بنا دیا۔",0
ایک سپاہی کی ویڈیو میں بھارت میں کشمیری مسلمان کو بے دردی سے چھرا گھونپ رہا ہے,0
دھیریندر شاستری پر جعلی خبروں کے لیے یوٹیوب پر مقدمہ درج,0
پشاور حملہ: سوشل میڈیا پر گردش کرنے والی بہادری کی کہانی جعلی نکلی۔,0
ڈی ایف آر اے سی کی رپورٹ کے مطابق پاکستانی آری نیوز سمیت کئی میڈیا ہاؤسز نے غلط خبر چلائی تھی کہ عمان کے مفتی اعظم نے ہندوستانی مصنوعات کے بائیکاٹ کا اعلان کیا تھا۔,0
گوگل کا پہلا دفتر کھلا ، سیکٹر جی 9 ، اسلام آباد ، پاکستان ہے,0
بین الاقوامی فلائٹ میں بم کی جھوٹی افواہ پھیلانے پر سابق پاکستانی ماڈل گرفتار,1
ویڈیو میں دکھایا گیا ہے کہ پاکستانی اور چینی فوجی وادی گلوان میں کارروائی میں 20 ہندوستانی فوجیوں کی ہلاکت کے بعد جشن منا رہے ہیں,0
خبردار! ناک کے بال نوچنے سے آپ کی جان بھی جاسکتی ہے,1
بیشتر افراد کی وہ پسندیدہ غذا جو گردوں کی پتھری جیسے مرض کا شکار بنا سکتی ہے,1
اسلام آباد سے سعودی عرب کے مسافر کے قبضے سے ڈیڑھ کلو آئس ہیروئن برآمد,1
کشمیر اور پنجاب کے لیے الگ ملک کا مطالبہ کرنے کے لیے سکھوں کے نعرے لگانے کی وائرل ویڈیو کسانوں کے جاری احتجاج کی ہے,0
کراچی میں خاتون نے ڈکیتی کی کوشش ناکام بنا دی,1
تصویر میں دکھایا گیا ہے کہ بھارت میں مظاہرین احتجاج کے دوران قومی پرچم جلا رہے ہیں,0
گھریلو جھگڑے سے تنگ شوہر نے بیوی سمیت خود کو دھماکے سے اڑا لیا,1
ہمیں کورونا نہیں ہوگا کیونکہ ہم ایک مسلمان ملک ہیں اور دن میں پانچ بار وضو کرنے سے فائدہ ہوتا ہے۔,0
ساتھی کی یاد میں 6 دن تک ڈرم بجاکر گنیز ورلڈ ریکارڈ قائم کرنیوالا شخص,1
ٹک ٹاک میں لو جہاد میں پھنسی خواتین کو مسلمان شوہر نے گھریلو تشدد کا نشانہ بنایا,0
بھالو شادی میں باراتی بن کر گھس آیا، میٹھا کھا کر چلتا بنا,1
پنجاب میں پکڑے گئے ایک دہشت گرد کی ویڈیو کپڑے کے سیلز مین کی طرح بھیس میں ہے,0
ویڈیو میں گجرات کے ساحل پر ہندوستانی بحریہ کے جہاز (آئی این ایس تلوار) کے ساتھ پاکستانی بحریہ کے جہاز (PNS182) کے درمیان حالیہ قریبی تصادم دکھایا گیا ہے,0
سوشل میڈیا پر مسلسل ٹرولنگ سے ذہنی صحت متاثر ہوتی ہے: اداکار علی رحمان,1
شہزادہ ہیری واقعی اپنی مرحوم والدہ کے لیے ایک نشست خالی چھوڑ دیتے ہیں۔,0
کامیاب آپریشن کے بعد خاتون کے پیٹ سے 15 کلو وزنی ٹیومر نکال دیا گیا,1
میکسیکو میں ٹرالر اور بس میں تصادم سے 16 افراد ہلاک، 30 زخمی,1
سونےکی فی تولہ قیمت میں مزید اضافہ ہوگیا,1
ایشین والی بال چیمپئن شپ میں پاکستان میڈل کی دوڑ سے آؤٹ,1
آئی سی سی نے کرکٹ ورلڈ کپ کیلئے وارم اپ میچز کا شیڈول جاری کردیا,1
اسلام آباد: 14 سالہ ملازمہ پر سول جج کی اہلیہ کے مبینہ تشدد کے واقعہ کا مقدمہ درج,1
ورلڈکپ سے ڈیڑھ ماہ قبل ایک بار پھر پی سی بی میں تبدیلی کے بادل منڈلانے لگے,1
مغربی بنگال کے تلینی پارا میں دلت ہندوؤں پر حملہ کی تصاویردکھاتی ہے,0
پی سی بی سینٹرل کنٹریکٹ دے لیکن کھلاڑیوں کےکمرشل رائٹس کیسے لے سکتا ہے: راشد لطیف,1
پوسٹ میں دعویٰ کیا گیا ہے کہ ویڈیو کلپ متوفی پاکستانی ڈاکٹر اسامہ ریاض کا آخری پیغام ہے جو مریضوں کا علاج کرتے ہوئے کورونا وائرس کا شکار ہو گئے تھے,0
کوویڈ 19 کے پس منظر میں مساجد میں نماز روکنے کے حکومتی فیصلے کو چیلنج کرنے والے مسلمانوں کی ویڈیوہے,0
پوسٹس میں دعویٰ کیا گیا ویڈیو دکھاتا ہے کہ اپوزیشن لیڈر بلاول بھٹو زرداری نہیں جانتے کہ پاکستان میں بنیادی اشیائے خوردونوش کا وزن اور فروخت کیسے کیا جاتا ہے,0
نیوزی لینڈ کے مسجد حملوں کے جواب میں ، اسلام پسندوں نے پاکستان میں ایک عیسائی چرچ کو جلا دیا ہے,0
ایلون مسک 'روبوٹ بیوی' بنا رہا ہے,0
پی ٹی آئی، جے یو آئی نے الیکشن کمیشن کے سامنے مطالبات رکھ دیے,1
پاکستانی حکومت نے لاہور ہوائی اڈے کو شراب فروخت کرنے کا لائسنس دیا؟,0
تصویر میں پاکستانی اسلامی رہنما کو وہسکی کی بوتل کے ساتھ دکھایا گیا ہے,0
فرانس نے 183 پاکستانی شہریوں کے ویزا کو منسوخ کردیا اور میکرون پر عمران خان کے تبصرے کے خلاف رد عمل کے طور پر درست دستاویزات کے باوجود 118 دیگر افراد کو زبردستی جلاوطن کردیا,0
پاکستان میں خانہ جنگی جیسی صورتحال پیدا ہو گئی ہے,0
انٹربینک اور اوپن مارکیٹ میں ڈالر کی قدر میں اضافہ,1
ایشین والی بال چیمپئن شپ : پاکستان کو دوسرے گروپ میچ میں کوریا نے شکست دیدی,1
تصویر میں دکھایا گیا ہے کہ ہندوستانی ایم آئی 17 ہیلی کاپٹر لداخ میں گر کر تباہ ہو گیا ہے,0
افغانستان کے نجیب اللہ زدران پاکستان کیخلاف ون ڈے سیریز سے باہر ہو گئے,1
پاکستان مردہ باد کے نعرے لگانے والے مسلمانوں کی ویڈیو میں دعویٰ کیا گیا ہے کہ یہ نیا جموں و کشمیر ہے,0
بٹگرام چیئر لفٹ میں پھنسے بچوں کو حفاظتی جیکٹس پہنانے کی ویڈیو سامنے آ گئی,1
کراچی میں دن دیہاڑے ڈکیتی کا معاملہ، پولیس نے مقدمہ درج کر لیا,1
دی نیوز نے ملک کی جی ڈی پی کے حوالے سے حماد اظہر کا جعلی بیان شائع کیا ہے۔ موسیٰ ورک نے اصل خبر بتا کر تردید کی ہے۔,0
ویڈیو میں دکھایا گیا ہے کہ امریکی اہلکار دسمبر 2020 میں انڈین تواریخ کی تحقیقات کے بعد بھارت پر مبنی ٹیلی فراڈ اسکیم کی تفصیل دے رہا ہے,0
بھارتی اداکارہ راکھی ساونت کی فلم کے سیٹ پر بننے والی ان تصاویر کو حقیقی سمجھ کر شیئر کیا گیا ہے,0
2 گریٹ وائٹ شارک مچھلیوں کی دوستی نے سائنسدانوں کو دنگ کر دیا,1
ہریتھک اور صبا آزاد کی تصویر پر اداکار کی سابقہ اہلیہ سوزین کا تبصرہ وائرل,1
سڑک پر بنی پیلی اور سفید لکیریں آپ کو کیا بتاتی ہیں؟,1
کراچی میں 15 سالہ ڈکیت لڑکی پکڑی گئی,1
'بڈھا نہیں ہوا ابھی میں'، شاداب کی ٹوئٹ پر کرکٹر فاطمہ ثنا کی ٹوئٹ وائرل,1
تصاویر میں دکھایا گیا ہے کہ پاکستانی ڈاکٹر پر دل کے مریض کے اہل خانہ نے حملہ کیا ہے جو COVID-19 کی غلط تشخیص پر مر گیا تھا۔,0
ویڈیو میں پاکستان کے صدر کے خلاف گواہی دینے والے شخص کو گولی مار کر دکھایا گیا ہے,0
سعودی عرب حکومت نے رونالڈو کو کوئی بھی سونے کی بائیک تحفہ میں نہیں دی ہے۔وائرل کی جا رہی بائیک ایک دی شخص کی ذاتی ملکیت ہے,0
تصویر کا راجستھان میں حال ہی میں ہوئے مگ حادثہ سے کوئی تعلق نہیں ہے۔ یہ سال 2021 کی ایک دیگر طیارہ حادثہ کی تصویر ہے,0
پاکستان کی نئی حکومت میں ادویات کی قیمتوں میں ہوشربا اضافہ,0
جنوبی کورین دوشیزہ بھارتی شہری کی محبت میں بھارت پہنچ گئی,1
کیا آرنلڈ شوارزنیگر کو ہوٹل میں رہائش سے انکار کیا گیا تھا؟,0
چین نے 800 سال پرانی مسجد کو تباہ کر دیا۔,0
سانحہ جڑانوالہ: پولیس نے مرکزی ملزمان کے محلے دار کو گرفتار کرلیا,1
جمائمہ نے صارفین کو اپنے نام سے موجود جعلی ٹک ٹاک اکاؤنٹ سے خبردار کر دیا,1
پاکستانی ائیرلائنز کی یورپی ملکوں میں بحالی کیلئے کوششیں، ٹیم برسلزپہنچ گئی,1
کراچی میں اعلیٰ پولیس افسران بھی غیر محفوظ، ڈی ایس پی اور فیملی سے لوٹ مار,1
ویڈیو: مکہ میں تیز بارش اور کلاک ٹاور پر بجلی گرنےکا منظر,1
پاکستان اور بھارت میں زلزلہ آنے والا ہے۔,0
ڈپریشن سے ایک اور سنگین مرض سے متاثر ہونے کا خطرہ بڑھ جاتا ہے، تحقیق,1
ہندوستان کے وزیر صحت نے شہریوں کو چہرے کے ماسک نہ پہننے پر تھپڑ مارا,0
کراچی میں سچل تھانے کی پولیس موبائل پرگشت کے دوران دستی بم حملہ، 3 اہلکار شدید زخمی,1
شاہد آفریدی نے عماد وسیم کو ان کے جعلی سکینڈل پر سخت تنقید کا نشانہ بنایا,0
جنگ نیوز نے رپورٹ کیا کہ سنتھیا ڈی رچی نے پی ٹی آئی رہنما پر بدسلوکی کا الزام لگایا ہے۔ وہ خود سامنے آتی ہے اور یہ کہہ کر جعلی خبروں کا پردہ فاش کرتی ہے کہ اس نے ایسا کچھ ٹویٹ نہیں کیا۔,0
اسلام آباد: تمام اسپتالوں کو طبی خدمات کی ریٹ لسٹ لگانے کی ہدایات جاری,1
نارتھ کراچی میں مبینہ پولیس مقابلے میں 5 ڈاکو ہلاک,1
آئی سی سی ون ڈے رینکنگ جاری: بیٹرز میں بابر ٹاپ پر برقرار، حارث کی 7 درجے ترقی,1
پاکستان نے پورے جموں و کشمیر کو بھارت کا حصہ تسلیم کر لیا ہے۔ حکومت پاکستان کی ویب سائٹ پر ایک نقشہ بھی یہی دکھاتا ہے,0
ثقلین مشتاق دوبارہ نیوزی لینڈ کے کوچنگ پینل میں شامل,1
اکتوبر 2020 میں پاکستانی شہر پشاور میں ایک اسلامی مدرسے میں ہونے والے بم دھماکے کے بعد کی تصاویرہیں,0
جوان افراد میں ہارٹ اٹیک کی شرح میں مسلسل اضافہ کیوں ہو رہا ہے؟,1
بینک سے لیا گیا قرض واپس ادا نہ کرنے پر سنی دیول کا گھر نیلامی کیلئے پیش,1
اپنی حفاظت کرتے لوگوں کی اس تصویر کا اسرائیل- فلسطین کے حالیہ تشدد سے کوئی تعلق نہیں ہے,0
گوہر رشید چہرے پر موجود نشانات کی سرجری کیوں نہیں کرواتے؟,1
ہاتھ کی چھوٹی انگلی کی لمبائی دیکھیں اور شخصیت کے پوشیدہ راز جانیں,1
کرسٹیانو رونالڈو کے بڑے پیمانے پر عطیات کے بارے میں جعلی خبروں نے بھارت کے سیلاب کے عذاب میں اضافہ کر دیا۔,0
امریکا میں سال 2022 میں خودکشی کی شرح میں ریکارڈ اضافہ: رپورٹ,1
فریدہ جلال نے اپنی موت کی افواہوں پر تنقید کی۔,0
الیکشن کمیشن صدر کی دی ہوئی تاریخ پر الیکشن کرانے کا پابند ہے: مصدق ملک,1
پاکستانی فوج کے زیر تحفظ دہشت گرد پی او کےلانچ پیڈ پر انتظار کر رہے ہیں,0
ایسی 'جادوئی' دوا جو کچھ بھی کھانے کے باوجود موٹا نہیں ہونے دیتی,1
’شام ہوئی تو ہم سے کہا گیا جو ہوسکے آپ کرلیں‘، بٹگرام واقعہ کے ہیرو صاحب خان کی گفتگو,1
جموں کشمیر میں موٹرسائیکل سے اسلحہ پکڑا گیا,0
نقشوں کی منظوری پر پابندی عائد,1
پاکستان کے صدر عارف علوی نے عہدہ سنبھالنے کے بعد ائیرپورٹ کے لاؤنج میں سوئے ہوئے تصویر کشی کی,0
توشہ خانہ سے القادرٹرسٹ تک کرپشن میں ملوث شخص کوبچانےکیلئےچیف جسٹس سرگرم ہیں: نواز شریف,1
پاکستانی F-16 پائلٹ شہز الدین بھارتی فضائیہ کے ساتھ جھڑپ میں جان کی بازی ہار گئے۔ بھارتی پراپیگنڈہ جھوٹی خبر نکلی۔,0
طالب علم کو GCWUF میں زیادتی یا قتل کیا گیا تھا۔,0
ویڈیو میں پاکستان میں سیلاب دکھایا گیا ہے,0
کاسمیٹک سرجری کروانے کی خاطر خاتون نے اپنا گھر بیچ ڈالا,1
کرناٹک میں کانگریس کی ریلی میں پاکستانی پرچم لہرایا گیا۔,0
شہلا راشد نے پاکستان کے جھنڈے کے پرنٹ والی ساڑھی پہنی,0
جعلی خبریں: پاپ اسٹار حدیقہ کیانی نے جعلی منشیات کے بارے میں برطانوی ویب سائٹ پر تنقید کی۔,0
ریلائنس جیو کے ٹاورز کو نقصان پہنچانے کے بعد اب ہندی میں ناموں والے سائن بورڈز کو سیاہ کیا جا رہا ہے۔ کیا وہ کسان ہیں؟,0
ملکی مستقبل کیلئے رہنماؤں کا انتخاب کرنا پاکستانی عوام کا کام ہے: امریکی سفیر,1
بیرون ملک مقیم پاکستانیوں نے جولائی 2023 میں 2 ارب 2 کروڑ ڈالر وطن بھیجے,1
ہندوستانی آئین کا آرٹیکل 35A پاکستانی مسلمانوں کو شہریت فراہم کرتا ہے,0
پاکستان کی سپریم کورٹ نے سابق وزیراعظم عمران خان کی گرفتاری کو درست قرار دے دیا۔,0
یہ کشمیر میں پولیس کے مظالم کی ویڈیو ہے,0
ایس عربیہ کا دعویٰ، QNA کی 'جعلی خبریں' مفاہمت کی امیدوں کو ختم کر دیتی ہیں۔,0
کراچی میں گرمی کی لہر سے ہلاکتوں کی افواہیں جھوٹی ہیں، ترجمان ایدھی,0
محکمہ صحت ، پنجاب ، پاکستان نے’مہلک کورونا وائرس‘ کی موجودگی کی وجہ سے پولٹری پر فوری پابندی کا مطالبہ کیا ہے,0
بے ہودہ جعلی خبریں، رمیز راجہ نے فیس بک پیج کی طرف سے ان سے غلط منسوب اقتباس کا مذاق اڑایا,0
خیبرپختونخوا کے سرکاری اسکولوں کی میٹرک امتحانات میں ناقص کارکردگی,1
غیرملکی سرمایہ کاروں کا پاکستان پر مزید اعتماد بحال ہونے لگا,1
ہر کچن میں موجود وہ عام چیز جو جسمانی چربی کو گھلانے کیلئے مفید,1
ضلع کاسرگوڈ میں میلاد النبی کا جلوس نکالا گیا، پاکستانی پرچم لہرائے گئے,0
کیرالہ کے طلباء نے پاکستانی پرچم لہرایا,0
پولیس کو عمران خان کو 9 مئی سے متعلق 6 مقدمات میں شامل تفتیش کرنے کی اجازت,1
وہ عام ترین عادت جسے بل گیٹس نے طاقتور اور تیز دماغ کے لیے اہم ترین قرار دیا,1
کینسر کے علاج میں اہم پیشرفت، سائنسدانوں نے ٹھوس ٹیومر کو ختم کرنے والی گولی بنالی,1
نواز شریف نے واقعی کرپشن کی وجہ سے ڈیووس میں تقریر کرنے سے منع کیا۔,0
مریم اورنگزیب اتنی ہٹ ہیں اگر انکی فلم ریلیز ہوئی تو ’سُپر ہٹ‘ ہوگی: بشریٰ انصاری,1
ویڈیو میں دکھایا گیا ہے کہ ایک مولوی مدرسہ میں ایک نابالغ طالبہ کے ساتھ چھیڑ چھاڑ کر رہا ہے,0
لوگوں نے دعویٰ کیا کہ انہوں نے عمران خان کو حراست میں لے لیا ہے اور وہ اسے قتل کر دیں گے۔,0
پاکستان کے شہر کراچی میں حزب اختلاف کے احتجاج کے دوران ہندوستانی پرچم لہرایا گیا۔,0
نیواڈا کے پولنگ سسٹم سے ایک پاکستانی کمپنی نے سمجھوتہ کیا ہے جس کا سرکاری انٹیلی جنس سے تعلق ہے,0
پرفیوم لگانے پر جھگڑا، شوہر نے بیوی کو گولی ماردی,1
یوٹیلیٹی اسٹورز کی سبسڈی ختم، بینظیر انکم سپورٹ مستحقین کیلئے چینی اور گھی مہنگا,1
پاکستانی وزیر اعظم عمران خان کی امریکی تقریر کے لیے کھچا کھچ بھرا سٹیڈیم ہے,0
نئی دہلی: ہندی کی کتاب بھول جانے پر ہندو استادکا مسلمان طالب علم پر وحشیانہ تشدد,1
کرکٹ میچ کے دوران پیشاب کرنے والا شخص پاکستانی ہے,0
پاکستانی ڈیفنس اکاؤنٹ نے راہول گاندھی کے ٹویٹ کو ریٹویٹ کیا,0
ایک ہندوستانی شخص 27 فروری کا ایک اخبار پڑھ رہا ہے جس میں پاکستان میں ایک دن پہلے ہونے والے فضائی حملوں کی تفصیل ہے۔ ہندوستان اور پاکستان کی حالیہ جھڑپوں کے دوران، سوشل میڈیا پر جعلی خبروں کا ایک سیلاب، بعض اوقات روایتی میڈیا کے ذریعہ اٹھایا جاتا ہے، جس نے کشیدگی میں اضافے کے مطالبات کو ہوا دی۔,0
روزانہ کچھ مقدار میں گریاں کھانا ڈپریشن جیسے مرض سے بچانے کیلئے مفید,1
آسام میں اے آئی یو ڈی ایف کے حامیوں نے پاکستان زندہ باد کے نعرے لگائے,0
الیکشن ایکٹ ترمیم کے بعد کمیشن کو انتخابات کی تاریخ دینے کا اختیار ہے: چیف الیکشن کمشنر کا صدر کو جوابی خط,1
پاکستان کا جعلی پروگرام نشر کرنے پر بھارتی چینل کے خلاف قانونی کارروائی پر غور,0
پاکستانی ٹک ٹاک سٹار اگست 2020 میں ایک کار حادثے میں ہلاک ہو گیا۔,0
امریکا: ڈونلڈ ٹرمپ کو قتل کی دھمکیاں دینے والی خاتون گرفتار,1
ٹیکساس مسجد کی طرف سے سمندری طوفان ہاروی کے متاثرین کو پناہ دینے سے انکار کی کہانی جعلی ہے,0
اوورسیز پاکستانیوں کیلئے پراپرٹی کی خرید و فروخت پر فرضی آمدن کا اطلاق نہیں ہوگا: ایف بی آر,1
سعودی شہر ریاض جانے والی پرواز میں ایمرجنسی، کویت سٹی واپس اتار لیا گیا,1
راہداری منصوبے کو 10 سال مکمل ، اسٹیٹ بینک نے یادگاری سکہ جاری کردیا,1
ہندوستانی فوج نے 19 نومبر 2020 کو پی او کے کے اندر ایک اور حملہ کیا,0
ہندوستان کے ایک شاپنگ سینٹر میں بغیر سماجی فاصلے کے خریداری کرنے والے لوگوں کی ویڈیوہے,0
پاکستان میں ایک ڈاکٹر ضرورت مندوں کو مفت علاج پیش کر رہا ہے۔,0
باربی کا کردار ادا کرنے والی اداکارہ کو کتنا معاوضہ دیا گیا؟,1
پاکستانی قانون سازوں نے ہندوستانی وزیر اعظم نریندر مودی کے حق میں نعرہ لگایا,0
پنجاب میں رامیللا اسٹیج کی تصویر تباہ ہوگئی,0
کسانوں نے احتجاج کے دوران کشمیر بنے گا پاکستان کے نعرے لگائے,0
سمندر میں پھنس جانے والے شخص کو 30 گھنٹوں بعد بچالیا گیا,1
دن کا وہ وقت جب دفتری ملازمین سب سے زیادہ غلطیاں کرتے ہیں,1
ملک میں سونے کی فی تولہ قیمت 400 روپے کم ہوگئی,1
پاکستان اسٹاک ایکسچینج میں کاروبار کا مثبت دن,1
ویڈیو میں نظر آنے والا شخص بی جے پی لیڈر امیش سنگھ ہے جسے کسانوں کی ریلی میں پاکستان کے حق میں نعرہ لگانے پر لوگوں کو مارا پیٹا جا رہا ہے,0
ہندوستان مدرسوں میں طلباء کو جنسی زیادتی کا نشانہ بنایا گیا,0
ویڈیو میں ہجوم کو عوامی طور پر ایک مولوی کو شرمندہ کرتے ہوئے دکھایا گیا ہے جو پانچ سال کی لڑکی سے بدتمیزی کرتے ہوئے پکڑا گیا تھا,0
وہ شخص جس کی ہچکیاں 68 سال تک رک نہیں سکیں,1
ایران نے پاکستان کو تیل کی فراہمی معطل کردی,0
 CPEC  کے بارے میں خطرناک افواہیں,0
کرونا وائرس ایک سازش ہے۔,0
آسٹریلیا کی بگ بیش لیگ کیلئے نامزدگیاں، پاکستانی کرکٹر بھی شامل,1
ہندی سائن بورڈز پر سکھوں کی کالی پینٹ لگانے کی ویڈیو کسانوں کے احتجاج کے اصل ایجنڈے کو بے نقاب کرتی ہے۔ کسانوں کی تحریک کی آڑ میں خالصتانیوں کا صرف ایک ہی ایجنڈا ہے - ہندی اور ہندوؤں کی مخالفت کرنا ہے,0
تصویر میں بھارتی فضائی حملے کے بعد پاکستان میں کھودی گئی اجتماعی قبریں دکھائی دے رہی ہیں,0
ویڈیو میں دکھایا گیا ہے کہ پاکستان میں غزنوی میزائل کا تیرواں تجربہ ناکام ہوگیا,0
ڈیزل کی قیمتوں میں اضافہ، محکمہ ریلوے نے مسافر ٹرینوں کا کرایہ بھی بڑھا دیا,1
بغیر فضائی سفر کے 10 سال میں پوری دنیا گھومنے والا شخص,1
اس بات کا امکان ہے کہ یہ زہریلی گیس کسی ایسے پڑوسی ملک نے چھوڑی ہو جو ہم سے خوفزدہ ہو,0
عمران خان نے برطانوی وکیل کو اپنا کیس عالمی اداروں میں اٹھانے کی ہدایت کردی,1
جلد نیند کیسے آئے؟ نیند سے متعلق گوگل پر سب سے زیادہ سرچ کیے جانیوالے 5 دلچسپ سوالات,1
صحافی کو سپریم کورٹ سمیت تمام اداروں سے معلومات لینے کا حق ہے: جسٹس فائز عیسٰی,1
بھارت: ریلوے کا زیر تعمیل پل گرنے سے 17 مزدور ہلاک,1
ویگنر گروپ کے سربراہ کی موت کے پیچھے پیوٹن کا ہاتھ ہوسکتا ہے: جوبائیڈن,1
بٹگرام واقعہ: چیئر لفٹ کا مالک اور آپریٹر گرفتار,1
نکاح کی رات ہی شادی سے پہلے کی تصاویر ڈیلیٹ کروا دی گئی تھیں: کرن اشفاق,1
کسانوں نے خالصتان کے حق میں ریلی نکالی,0
اڈانی ایگری لاجسٹکس لمیٹڈ پارلیمنٹ میں تین فارم بلوں کی منظوری کے بعد پنجاب میں اناج کے سائلوز قائم کر رہی ہے,0
نوجوانوں کی ویڈیو خالصتان اور پاکستان کے حق میں نعرے لگانے والے کسانوں کے جاری احتجاج کی ہے,0
کولکتہ میں ایک سڑک پر پاکستانی جھنڈےدیکھے گئے ہیں,0
’دل دل پاکستان جان جان ترکیہ‘، ارطغرل غازی کے اداکار کی پاکستانیوں کو مبارکباد,1
ویڈیو میں پاکستان میں مذہبی تبدیلی سے منسلک ہونے کا دعوی کیا گیا ہے,0
ماہرہ خان متنازعہ افواہیں,0
ایک جھوٹی خبر ہے کہ 3 وزراء کرپشن کے الزام میں زیر تفتیش ہیں۔ وزیر اطلاعات نے حقائق بتائے ہیں کہ ایسی کوئی تحقیقات نہیں ہو رہی۔,0
بزرگ بس ڈرائیور کو مردوں نے ہراساں کیا جو پاک پرچم کو نہیں پہچان سکتے ہیں,0
سوئیڈش حکومت کا قرآن پاک کی توہین روکنےکیلئے قانونی امکانات پر غور,1
ملک میں تعمیراتی سریے کی فی ٹن قیمت میں 10 ہزار روپے اضافہ ہوگیا,1
ورلڈ بلائنڈ گیمز کرکٹ، ناقابل شکست پاکستانی ٹیم نے مسلسل چوتھی فتح حاصل کرلی,1
ناگپور پولیس کے ذریعہ لاپتہ بچے کی ویڈیودکھاتی ہے,0
تصویر میں بھارتی جنگی طیاروں کی پاکستان میں اہداف کو نشانہ بنانے کی ویڈیو دکھائی گئی ہے,0
بگ باس کی ایک کروڑ کی آفر ’پان‘ نہ ملنے کی وجہ سے ٹھکرا دی: رؤف لالا,1
جسٹس فائز عیسیٰ کے بارے میں ایک کیس جاری ہے جس میں ان سے کہا جا رہا ہے کہ وہ اپنی اہلیہ کی جائیداد کی منی ٹریل فراہم کریں۔ انہوں نے منی ٹریل سامنے آنے کے بجائے وزیر اعظم عمران خان پر الزام تراشی شروع کر دی۔ ڈیجیٹل میڈیا پر وزیر اعظم کے فوکل پرسن ڈاکٹر ارسلان خالد نے جسٹس فائز عیسیٰ کو جواب دے دیا,0
اکشے کمار کے سنی دیول کو گھر بچانے کیلئے 40 کروڑ دینے کے معاملے کا ڈراپ سین,1
ویڈیو میں دکھایا گیا ہے کہ افغانستان سے لوگ نوول کورونا وائرس کا ٹیسٹ کیے بغیر پاکستان میں داخل ہو رہے ہیں,0
طارق عزیز مرنے سے قبل اپنی آنکھیں عطیہ کرنا چاہتے تھے: اہلیہ کا انکشاف,1
برطانوی تاریخ میں بچوں کی بدترین سیریل کلر نرس پر 7 نومولود بچوں کو قتل کرنے کا جرم ثابت,1
ٹی ٹی پی نے پنجاب حکومت کے ہیلی کاپٹر کے عملے کو یرغمال بنانے کی تردید کی ہے۔,0
"پاکستانی نیوز اینکر کی بیوی ایک پلے کارڈ دکھا رہی ہے جس میں برہنگی میں ""کوئی شرم نہیں"" کو فروغ دیا گیا ہے",0
آج بھی ماہرہ خان کے ساتھ کام نہیں کرسکتا: خلیل الرحمان کا ایک بار پھر انکار,1
فاطمہ ہلاکت کیس: مرکزی ملزم اسد شاہ کی مریدوں سے خفیہ ملاقاتوں کا انکشاف,1
وہ عام غلطیاں جو کمر درد کا شکار بنا دیتی ہیں,1
ریاض: عمرے سے واپس جانیوالے خاندان کو ٹریفک حادثہ، 4 بچے اور باپ جاں بحق,1
ہندوستانی زیر انتظام کشمیر میں پولیس موٹرسائیکل سے گولہ بارود کی بازیافت کر رہی ہے,0
سلچر ہوائی اڈے پر اے آئی یو ڈی ایف کے سربراہ مولانا بدرالدین اجمل کا استقبال کرتے ہوئےپاکستان زندہ باد کے نعرے لگائے گئے,0
اسلام آباد ہائی کورٹ نے پائلٹ کا جعلی لائسنس بحال کرتے ہوئے کی معلومات کو غلط قرار دے دیا۔,0
24 نیوز اس پر دوبارہ، انہوں نے 2 دن پہلے ایک جعلی خبر نشر کرنے پر معذرت کی تھی، اور آج انہوں نے ایک اور جعلی خبر نشر کی ہے۔ پی ٹی آئی ٹویٹر کی ڈپٹی لیڈ رابعہ ملک نے بے نقاب کیا۔,0
ثانیہ مرزا کو پاکستان میں حجاب پہننے پرمجبور کیا,0
تبلیغی جماعت کے ایک رکن کی آئسولیشن وارڈ میں برہنہ دوڑتے ہوئے اور تباہی پھیلانے کی ویڈیوہے,0
دواؤں کی قیمت میں اضافہ نہیں کیا: ڈریپ نے وضاحت جاری کردی,1
بیشتر افراد کی پسندیدہ وہ چیز جو جگر کے امراض کا شکار بنا سکتی ہے,1
پاکستان کے وسائل سے مالا مال صوبہ بلوچستان میں علیحدگی پسند باغیوں کا کہنا ہے کہ انہوں نے ایک فوجی ہیلی کاپٹر کو مار گرایا جو پیر کو سیلاب سے متعلق امدادی کارروائی کے دوران گر گیا تھا، جس میں ایک اعلیٰ فوجی کمانڈر سمیت سوار تمام چھ افراد ہلاک ہو گئے تھے۔,0
خاتون کی چاکلیٹ بار سے انسانی انگلی نکل آئی,1
خواجہ آصف کی بیٹی کی نئی وائرل ویڈیو میں وحشیانہ رقص,0
یہ لاہور میں ایک استاد ہے جسے اس کے اسکول نے شہوانی شخصیت رکھنے پر معطل کردیا تھا,0
لوگوں کے بال سفید کیوں ہوتے ہیں؟ سائنس کا جواب جان لیں,1
دی نیوز کی سابق ایڈیٹر شاہین صہبائی نواز شریف کی جعلی تصویر پر مداحوں کی جانب سے ٹرول,0
ویڈیو میں پی آئی اے کے مسافر طیارے کی خوفناک فوٹیج دکھائی گئی ہے جس نے پاکستان میں 90 مسافروں کو کچل دیا تھا,0
وزیر اعظم عمران خان کی ایک پرانی تصویر پیپلز پارٹی کے حامیوں کی جانب سے پھیلائی جا رہی ہے جس میں وہ منفی پروپیگنڈا کر رہے ہیں۔ دعویٰ کیا جا رہا ہے کہ وزیر اعظم عمران خان نے کوئی ماسک نہیں پہنا ہوا لیکن حقیقت میں یہ پرانی تصویر ہے۔,0
برقعہ کی آڑ میں جسم فروشی کے دوران شاہین باگ خواتین کی پکڑی جانے کی ویڈیوہے,0
ویڈیو میں دکھایا گیا ہے کہ ایک پاکستانی خاتون نے اپنے بچوں کے لئے پولیو قطرے سے انکار کردیا,0
پاکستان میں 2019 کے بس حادثے کی فوٹیج پی آئی اے کے حادثے کی ویڈیو کے طور پر منظر عام پر آگئی,0
گوگل، فیس بک اور ٹوئٹر نے پاکستان میں اپنی سروسز بند کرنے کی دھمکی دی ہے۔,0
پاکستانی قانون ساز نفیسہ شاہ کو فلاحی ادائیگی ملتی ہے,0
چیف جسٹس کا چیئرمین پی ٹی آئی کی وکالت کرنا عمران خان کو اچھا نہیں بنا سکتا: مریم,1
اسد عمر نے پریس کانفرنس کرتے ہوئے کہا کہ وزیراعظم کو غریبوں کی صورتحال کا اندازہ تھا لیکن یہ بیان اس لیے پیش کیا جارہا ہے کیونکہ وزیراعظم عمران خان کو کورونا کیسز کی صورتحال کا علم تھا۔,0
شمالی ہندوستان کے پنجاب میں پولیس خاتون کی عصمت دری کی تصاویرہیں,0
9 مئی کے احتجاج کے دوران میانوالی میں جلایا گیا پی اے ایف جیٹ ایم ایم عالم کا نہیں تھا۔,0
کیا لندن پولیس نے عمران خان کے بیٹے کو گرفتار کر لیا؟ سوشل میڈیا کی گپ شپ ختم ہوگئی,0
انٹر بینک اور اوپن مارکیٹ میں امریکی ڈالر کی قدر میں معمولی کمی,1
امریکی ایئرپورٹ پر پاکستانی وزیراعظم کی پٹی کی تصویر تلاشی لی گئی۔,0
کنہیا کمار اپنی تقریر کو نقشہ کے ساتھ پیش کررہے ہیں جس میں کشمیر کو پس منظر میں پاکستان کا ایک حصہ دکھایا گیا ہے,0
کراچی میں دن دیہاڑے لڑکی سے نازیبا حرکت کا ایک اور واقعہ، ویڈیو سامنے آگئی,1
پنجاب پولیس وائرل ویڈیو میں اس شخص کی تردید نہیں کر رہی,0
بالی وڈ کی ان 6 اداکاراؤں کی شادی کے جوڑے کی قیمت کیا تھی؟ سب سے مہنگا کس نے پہنا؟,1
سندھ حکومت نے حال ہی میں دعویٰ کیا ہے کہ انہیں وفاقی حکومت سے کوئی وینٹی لیٹر نہیں ملا ہے۔ لیکن سماء نیوز نے اس جھوٹے دعوے کا پردہ فاش کیا اور سندھ حکومت کو فراہم کیے جانے والے وینٹی لیٹرز کی دستاویزات سامنے لائی ہیں۔,0
روسی صدر پیوٹن اس تصویر میں عمران خان کی کتاب پڑھ رہے ہیں۔,0
پی ایف اے کی ’آئرن لیڈی‘ عائشہ ممتاز کا ویڈیو- کرپشن الزامات,0
نجیبہ کے ساتھ وائرل ویڈیوز پر مداحوں کو تجسس، فیروز خان کا ردعمل آگیا,1
پاکستانی ڈاکٹروں نے ہندوستان کے ڈاکٹروں کی ہڑتال کی حمایت کا مظاہرہ کرنے کے لئے مارچ کیا,0
جعلی خبریں نشر کرنے پر دنیا نیوز کو نوٹس جاری,0
کیا اکثر رات کو اچانک ٹانگوں میں شدید تکلیف ہوتی ہے؟,1
ویڈیو: کراچی کے علاقے انچولی میں ملزمان ہوٹل میں بیٹھے افراد سے لوٹ مار کر کے فرار,1
بھارتی فوج نے پاکستان کے زیر قبضہ کشمیر میں فضائی حملے کرکے دہشت گردوں کے متعدد کیمپوں کو تباہ کردیا,0
وزیراعلیٰ پنجاب نے پہلے ہی پنجاب سے پٹواری اور قانون گو کیڈرز کو مرحلہ وار ختم کرنے اور نوجوان، تعلیم یافتہ اور اچھی تربیت یافتہ (5 ماڈیولز بشمول آئی ٹی سلوشنز میں) ویلج آفیسرز کا ایک نیا کیڈر متعارف کرانے کا اعلان کیا ہے۔,0
پاکستان کی نئی زرعی پالیسی، سری لنکن تاجروں کی دلچسپی,1
متحدہ عرب امارات نے اسرائیل کے بارے میں پاکستان کے موقف کی وجہ سے پاکستانیوں کے لئے ویزا پر پابندی عائد کردی ہے,0
ڈان کے مطابق ایک پاکستانی پائلٹ کو لڑاکا طیارے کے اندر پیشاب کرتے ہوئے پکڑا گیا۔ جب اس سے سوال کیا گیا تو اس نے کہا کہ اللہ نے اسے خواب میں ایسا کرنے کو کہا تھا تاکہ جیٹ کی کارکردگی میں اضافہ ہو,0
تھرپارکر میں غذائی قلت اور مختلف بیماریوں میں مبتلا 6 بچے انتقال کرگئے,1
ایوانِ صدر نے الیکشن کمیشن کے جوابی خط پر وزارت قانون کی رائے طلب کرلی,1
24 نیوز نے وزیراعظم عمران خان کے دورہ کراچی کے دوران کھانے کے حوالے سے کھلا جھوٹ نشر کیا۔ انہوں نے ایک کہانی بنائی ہے کہ پی ایم کو ان کے دورے پر 34 ڈشز پیش کی گئیں۔,0
کراچی میں بجلی کا ایک یونٹ 1500 روپے کا؟ شہری پھٹ پڑے,1
ایف اے ٹی ایف گرے لسٹ سے چھٹکارہ، پاکستان کو 100 ارب روپے سے زائد کا فائدہ,1
پاکستان میں مسلمان مردوں کی ایک ہندو لڑکی کو زبردستی اٹھانے کی ویڈیو,0
کیا پاکستان کو ریکوڈک کیس میں 4 ارب ڈالر ادا کرنا ہوں گے؟ جھوٹی خبروں نے ملک میں خوف و ہراس پھیلا دیا۔,0
بھارتی اداکارہ ہوٹل کے کمرے میں چھپے خفیہ کیمرے سے کیسے بچیں؟,1
پاکستان کے سابق وزیر اعظم عمران خان نے گرفتاری منسوخ ہونے کے بعد ضمانت منظور کر لی,0
لکی مروت میں دو گروپوں میں فائرنگ سے 4 افراد جاں بحق,1
عمران خان افطار سے پہلے جوس پیتے ہوئے۔,0
پاکستان زندہ باد کے نعرے لگانے پر بی جے پی لیڈر امیش سنگھ کو کسانوں نے زدوکوب کیا,0
وائرل ویڈیو میں کسانوں کے احتجاج کے ایک حصے کے طور پر پنجاب میں جیو موبائل ٹاور جل رہا ہے,0
بجلی 5 روپے 40 پیسے فی یونٹ مہنگی کرنے کی منظوری,1
کے الیکٹرک کا عملے سے بدسلوکی پر قانونی کارروائی کا اعلان,1
تیلگو کامیڈین سدھاکر نے اپنی موت کی افواہوں کی وضاحت کی۔,0
ویڈیو میں دکھایا گیا ہے کہ ایک پاکستان ایئر فورس پائلٹ ایک پل کے نیچے جے ایف 17 لڑاکا طیارہ اڑا رہا ہے,0
سندھ حکومت سے گرانٹ لینے والے صحت کے اداروں کو آڈٹ کرانے کا حکم,1
چاند پر پہلے بیٹنگ کرنی چاہیے یا بولنگ؟ سابق بھارتی کرکٹر کا دلچسپ تبصرہ,1
تین سال میں اقتدار سویلینز کے سپرد کردوں گا، نائجر کے فوجی حکمران کا وعدہ,1
ورلڈ بلائنڈ گیمز کرکٹ: پاکستان نے بھارت کو 18 رنز سے شکست دے دی,1
پاکستان نرسنگ کونسل نے نرسوں کو ڈاکٹر کا درجہ دینے کی تجویز دے دی,1
خاتون بھارتی فضائیہ پائلٹ کی تصویر جس نے پاکستان کے خلاف بھارتی فضائی حملہ کیا,0
پاکستان میں تیل کے سب سے بڑے ذخائر پائے گئے۔,0
وزیراعظم آفس میں بٹگرام ریسکیو آپریشن میں حصہ لینے والوں کے اعزاز میں تقریب,1
سپریم کورٹ میں توشہ خانہ کیس کی سماعت اگلے ہفتے تک مؤخر,1
نیند کے معمولات میں معمولی تبدیلی بھی متعدد دائمی امراض کا شکار بنا سکتی ہے، تحقیق,1
ملک میں سونے کی فی تولہ قیمت میں 900 روپے کا اضافہ,1
تصویر میں دکھایا گیا ہے کہ کراچی (پاکستان) میں ایک ریلی میں ہندوستانی پرچم لہرایا جا رہا ہے,0
کراچی: فائرنگ کے مختلف واقعات میں پولیس اہلکار سمیت دو افراد جاں بحق,1
اپنی مرضی کا فیشن کرکے نکلوں تو’ لاہور‘ مجھے قتل کردے: عفت عمر,1
نسیم شاہ کے عاقب جاوید کو جواب پر ثقلین مشتاق چپ نہ رہ سکے,1
راولپنڈی: بینظیر بھٹو اسپتال کے ایکسرے ڈیپارٹمنٹ میں خاتون سے زیادتی,1
فیکٹ چیک : کیا صوبہ سندھ کا محکمہ زراعت انکم ٹیکس وصول نہیں کرتا ؟,1
بھرت بند سے ایک دن پہلے ، امریندر سنگھ نے مکیش امبانی سے ملاقات کی تاکہ پنجاب میں سرمایہ کاری پر تبادلہ خیال کیا جاسکے۔ ایک طرف ، کانگریس زراعت کی نجکاری کے خلاف بھارت بند کی حمایت کررہی ہے ، اور دوسری طرف ، کیپٹن امبانی سے ملاقات کر رہے ہیں۔,0
نوازدین صدیقی کا کہنا ہے کہ جھوٹی خبریں پھیلانا بند کریں۔,0
کورولوش عثمان کے ہدایتکار مہمت بزداغ کو پاکستان کی یاد ستانے لگی,1
لائیو ویڈیو بھارتی سرحد پر پاکستانی گولہ باری ارنیا کشمیر کے صحافی کی رپورٹ تصویر میں دکھائی دے رہی ہے,0
بھکر: طالبات کو ہراساں کرنیوالے ملزمان تاحال قانون کی گرفت سے باہر,1
پاکستانی فوج نے سفید جھنڈا لہرا کر جنگ بندی کا مطالبہ کیا,0
10 سالہ نوجوان بھارتی لڑکی انیتھا کی شادی اپنے چچا شیو ناتھ چترویدی سے ہو رہی ہے جن کی عمر 40 سال ہے,0
’جھوٹی رپورٹنگ‘: سپریم کورٹ نے جنگ گروپ کو توہین عدالت کیس میں مکمل جواب جمع کرانے کی ہدایت کر دی۔,0
ایم بی ایس منظر سے غائب کیوں ہے اور کہاں ہے؟ ,0
یوکرین نے ماسکو کے بزنس حب پر ڈرون حملے کیے: روس کا الزام,1
ویڈیو کا دعوی ہے کہ لوگ پاکستان کے کراچی میں اپنے آپ کو سیلاب سے بچانے کے لئے کسی عمارت کی چوتھی منزل سے چھلانگ لگارہے ہیں,0
چین کے ساتھ حالیہ جھڑپ میں ہندوستانی فوج زخمی ہوئےہیں,0
اسلام کے بارے میں میکرون کے تبصروں پر تنقید کرنے کے بعد فرانس نے 183 پاک شہریوں کے سیاحتی ویزا کو مسترد کردیا۔ مناسب کاغذات والے تقریبا 118 پی اے سی شہریوں ، جن میں سابق آئی ایس آئی چیف کی بہن سمیت مناسب کاغذات ہیں ، کو زبردستی جلاوطن کیا گیا,0
سکھ رجمنٹ کے فوجیوں نے فارم قوانین کے خلاف احتجاج کرتے ہوئے بھارتی فوج سے استعفیٰ دے دیا,0
UMAM NOOR JAN,0
پاکستان میں لوگ عمران خان کی شجرکاری مہم کے تحت لگائے گئے درختوں کو اکھاڑ رہے ہیں کیونکہ وہ درخت لگانے کوغیر اسلامی سمجھتے ہیں,0
نواز شریف واقعی دنیا کے دوسرے کرپٹ ترین سیاستدان ہیں۔,0
قبر کی تصویر وائرل ہونے پر پاکستان کے خلاف بھارتی پراپیگنڈا بے نقاب,0
ویڈیو میں دکھایا گیا ہے کہ پاکستانی پیرا ٹروپر انسٹرکٹر کی پیراشوٹ لینڈنگ غلط ہو گئی ہے۔ چین میں تربیت یافتہ، یہ انسٹرکٹر پیراشوٹ کو کنٹرول کرنے کے لیے جدوجہد کر رہا تھا اور ہوا میں گھوم رہا تھا,0
وہ عام غلطیاں جو قبل از وقت بڑھاپے کا شکار بنا دیتی ہیں,1
برطانیہ کی بدترین سیریل کلر نرس کو سزائے موت دی جائیگی,1
دو تصویروں کا کولاج جس میں ایک لاش کو سفید گلاب کی پنکھڑیوں سے لپیٹے ہوئے دکھایا گیا ہے اور شاہد آفریدی کے ساتھ ایک سوئی ہوئی لڑکی اس کے ساتھ کھڑی ہے اس دعوے کے ساتھ سوشل میڈیا پر وائرل ہے کہ آفریدی کی بیٹی کی موت بلڈ کینسر سے ہوئی ہے,0
سپریم کورٹ، وکیل قتل کیس میں عمران خان کی نامزدگی کیخلاف سماعت کرنے والا بینچ تبدیل,1
آئی فون نے کھائی میں گر جانے والی گاڑی میں پھنسے شخص کی زندگی بچا لی,1
ایشین گیمز سے قبل قومی ایتھلیٹس کے ڈوپ ٹیسٹ کرانے کا فیصلہ,1
راولپنڈی اور اسلام آباد میں موسلا دھار بارش، رین ایمرجنسی نافذ,1
عمران خان کی اپیل پر سماعت: توشہ خانہ کیس میں ٹرائل کورٹ کا حکم درست نہیں، چیف جسٹس,1
سعودی ولی عہد سے ایرانی وزیر خارجہ کی ملاقات، دو طرفہ تعلقات اور علاقائی امور پرگفتگو,1
دبئی کی شہزادی ماہرہ المکتوم نے عمران خان کے بیٹے سلیمان کو شادی کی پیشکش کر دی۔,0
افغانستان کے خلاف جیت کر پاکستان نے منفرد ریکارڈ بھی اپنے نام کرلیا,1
افغانستان کیخلاف پہلے ون ڈے میچ کیلئے پاکستان کی ممکنہ پلیئنگ الیون سامنے آگئی,1
پرویز اور مونس الٰہی کیخلاف نیب رپورٹ میں کرپشن، گھپلوں اور کک بیکس کے الزامات,1
پلاسٹک کے ننھے ذرات سے انسانی دماغی خلیات کو نقصان پہنچنے کا انکشاف,1
کیجریوال کا کہنا ہے کہ اگر مودی 2019 میں دوبارہ منتخب ہوئے تو پاکستان نہیں بچے گا,0
کیا سویڈن سیکس ٹورنامنٹ منعقد کرنے جا رہا ہے؟,0
نہیں ، راجستھان میں کانگریس کے ایک ریلی میں پاکستان پرچم نہیں لہرایا گیا تھا,0
امریکا نے روس سے لڑنے کیلئے یوکرین کو ایف 16 طیارے دینے کی منظوری دیدی,1
سونف کھانا پسند کرتے ہیں؟ تو اس کے فوائد بھی جان لیں,1
تاریخ میں پہلی مرتبہ پاکستان ٹیم افغانستان کے خلاف آل آؤٹ ہوگئی,1
چین پاکستان کے کہنے پر بھارت میں خطرناک آتشبازی پھینکے گا,0
آج کل سوشل میڈیا ایک میسج وائرل ہو رہا ہے جس میں لکھا ہے ’’نریندر مودی کے دوبارہ وزیر اعظم بننے کی خوشی میں میک ان انڈیا کے تحت 2 کروڑ نوجوانوں کو مفت لیپ ٹاپ دینے کا اعلان کیا ہے، ابھی تک 30 لاکھ نوجوان اپلائی کر چکے ہیں۔ اب آپ کی باری ہے آخری تاریخ سے پہلے اپنی درخواست جلد از جلد جمع کریں‘‘۔ اصل میں یہ خبر غلط ہے۔ شیئر کیا جا رہا لنک کلک بیٹ ہے۔ اس کا میک ان انڈیا سے کوئی لینا دینا نہیں ہے۔,0
خیبرپختونخوا 'تبدیل' ہو رہا ہے - فوٹو شاپ کا استعمال کرتے ہوئے,0
"یوکرین: جعلی NYC سب وے اشتہار میں بے گھر امریکیوں کو جنگ میں ""شامل ہونے"" کا کہا گیا ہے۔",0
تشدد، انتہاپسندی اور اندھی جنونیت کیلئے مذہب کا استعمال بند کیا جائے: پوپ فرانسس,1
سائنسدانوں نے ٹمٹماتے ستاروں کی آواز ریکارڈ کرلی جو رونگٹے کھڑے کر دے گی,1
پاکستان زندہ باد کے نعرے لگانے پر کانگریس کارکنوں کو پولیس نے زدوکوب کیا,0
پاکستان کو ایک طویل سیاسی بحران کا سامنا نہیں ہے، اور سابق وزیراعظم عمران خان کی کرپشن کیس میں گرفتاری سے ملک میں مزید استحکام آنے کا امکان ہے۔,0
جب روسی پروپیگنڈا غلط معلومات پھیلانے کے لیے فرانسیسی خبروں کی نقل کرتا ہے۔,0
لڑکے کو ممبئی کے ڈوگری کے قریب ایک مین ہول سے بچایا گیا,0
پاکستان اور بھارت کا نئی دہلی و اسلام آباد میں اپنے ناظم الامور تبدیل کرنے کا فیصلہ,1
پنجاب میں ایک چیتے کو سڑکوں پر گھومتے ہوئے دیکھا گیا تھا,0
 سوشل میڈیا پر ایک وائرل ہو رہی ہے جس میں ایک شخص کو بےحد بڑی اسٹرا بیری کو پکڑے ہوئے دیکھا جا سکتا ہے۔ تصویر کو شیئر کرتے ہوئےصارفین کر رہےہیں کہ یہ تصویر دنیا کی سب سے بڑی اسٹرابیری کی ہے۔ وشواس نیوز نے اپنی پڑتال میں پایا کہ وائرل کی جا رہی تصویر کو آرٹیفیشئل انٹیلیجنس کی تکنیک کی تیار کیا گیا ہے، یہ کوئی اصل تصویر نہیں ہے,0
حال ہی میں، نیوز آؤٹ لیٹ الجزیرہ کے لوگو اور ڈیزائن پر مشتمل ایک ویڈیو میں دعویٰ کیا گیا تھا کہ دوحا میں تین شرابی یوکرینی باشندوں کو نازی علامتیں دکھانے اور نازی سلامی دینے کے بعد گرفتار کیا گیا ہے۔,0
صحرا میں سیر کے دوران لوگوں کے بال اچانک کھڑے ہونے کی ویڈیو وائرل,1
شمالی وزیرستان میں ٹی ٹی پی کے عسکریت پسندوں کے ہاتھوں پاکستانی فوج کے 8 کے قریب اہلکار ہلاک ہوئے، ٹی ٹی پی کے ترجمان نے ذمہ داری قبول کرتے ہوئے مزید کہا کہ حملے کی ویڈیو جلد جاری کی جائے گی۔,0
نوجوت سنگھ سدھو پاکستانی پگڑی پہنتے ہیں,0
90 سالہ جم آرنگٹن دنیا کے سب سے عمر رسیدہ باڈی بلڈر بن گئے,1
کیا اکثر کھانے کے بعد تھکاوٹ اور غنودگی کا احساس ہوتا ہے؟,1
بہادر خاتون نے ایک ساتھ دو خطرناک اژدھوں کو پکڑ کر سب کو حیران کردیا,1
ماسکو کے تمام ائیرپورٹس پروازوں کی آمدورفت کیلئے بند,1
سعودیہ سے تحفے میں ملی گھڑی فروخت کرنے پر سابق برازیلین صدر کی گرفتاری کا امکان,1
سات بچوں کی قاتل برطانوی نرس کو عمر قید کی سزا,1
پاکستانی تاریخ کے بدترین سیلاب نے 2022 کے موسم گرما میں لاکھوں افراد کو متاثر کیا۔,0
گلگت بلتستان میں بھارتی میڈیا کی جعلی بغاوت بے نقاب,0
راجستھان میں کانگریس پارٹی کی جیت کی ریلی میں پاکستان کا جھنڈا لہرایا گیا,0
ہرشا بھوگلے نے ورلڈکپ سے قبل تمام ٹیموں کو پاکستان کے کن 3 بولرز سے خبردار کیا؟,1
کیا پی ٹی آئی کے ایم این اے نے اسرائیل کو تسلیم کرنے کی قرارداد جمع کرائی؟ جعلی خبروں کے پیچھے اصل کہانی,0
امریکی ایڈونچرسٹ سنتھیا ڈی رچی نے حراست کے اسرار سے متعلق جعلی خبروں کی تردید کی۔,0
وائرل ویڈیو کراچی میں پی آئی اے کے حادثے کی اصل فوٹیج دکھاتی ہے,0
دانیہ شاہ کے بلاگ 'ان عدت' پر شدید تنقید,0
اسلامی انتہا پسندوں نے کوویڈ 19 لاک ڈاؤن کے دوران راجستھان میں ایک ہندو شخص کو ہلاک کیا,0
پاکستان میں منکی پاکس کا ایک اور کیس سامنے آگیا,1
یوکرین کے روس کے دو شہروں پر ڈرون حملے، 3 افراد ہلاک,1
روپےکی بے قدری جاری، ڈالر تاریخ کی بلند ترین سطح پر پہنچ گیا,1
پاکستان کے عمران خان گرفتاری سے نہیں ڈرتے اور انہوں نے اپوزیشن سے ہاتھ ملایا ہے۔,0
براہ کرم یہ ان تمام لوگوں کو بھیجیں جن کو آپ دنیا بھر میں جانتے ہیں تاکہ انہیں یہ بتائے کہ ہندوستانی فوج کشمیری مسلمانوں کے ساتھ کیا کر رہی ہے,0
مسلم لیگ ن کے رہنما پرویز رشید کی وائرل ہونے والی ویڈیو,0
کلپ میں پنجاب کے سی ایم کیپٹن امریندر سنگھ نے حال ہی میں مکیش امبانی سے ملاقات کی,0
اس تصویر میں پاکستان کے شہر کراچی میں سیلاب زدہ کھیل کا میدان دکھایا گیا ہے,0
بیشتر افراد کی پسندیدہ وہ عام غذائیں جو دل کو نقصان پہنچاتی ہیں,1
وہ آسان طریقہ جس سے آپ خود کو کینسر سے بچا سکتے ہیں,1
100فیصد کارکردگی دکھانے کی کوشش کریں، بابر کا قومی کھلاڑیوں کو پیغام,1
عالیہ بھٹ اور رنبیر کپور کے نومولود کی وائرل تصویر,0
2018 کے اسمبلی انتخابات میں تین ریاستوں میں کانگریس کی جیت کی وجہ سے پاکستان میں وزیر اعظم نریندر مودی کے فرضی جنازے کا ویڈیو,0
خواتین کو ہونے والے پوسٹ پارٹم ڈپریشن کے علاج کیلئے پہلی دوا کی گولی کی منظوری,1
29 اشیائے ضروریہ کی قیمتیں بڑھ گئیں، مہنگائی کی شرح 30.82 فیصد ہوگئی,1
اگست میں پیدا ہونیوالے لوگوں کی شخصیت کے پوشیدہ راز جانیں,1
پاکستان ویمن فٹبال ٹیم ستمبر میں سعودی عرب میں چھ ملکی ٹورنامنٹ کھیلے گی,1
بھارت پر حملے کے لیے امریکی ساختہ F-16 طیاروں کے استعمال پر امریکا نے پاکستان پر 500 ملین ڈالر جرمانہ عائد کر دیا ہے,0
دنیا کے وزنی ترین جاندار کی دریافت,1
وہ اداکار جو شاہ رخ خان کی جگہ ڈان 3 میں کام کریں گے,1
پاکستان کی اسمبلی میں جب شاہ محمود قریشی خطاب کر رہے تھے تو مودی، مودی کا نعرہ لگایا گیا,0
توشہ خانہ کیس: خواجہ حارث چیئرمین پی ٹی آئی کی قانونی ٹیم سے الگ ہو گئے,1
پنجاب کے شہر جالندھر کی وجے کالونی میں پاکستان کا جھنڈا لہرایا گیا,0
ان کا کہنا تھا کہ میری چوٹ جعلی تھی: حفیظ نے ٹی وی چینلز کے خلاف شکایت درج کرادی,0
پاکستان میں اپنی بیٹی کو بے دردی سے پھینکنے والی عورت کی ویڈیودکھاتی ہے,0
ملک میں فی تولہ سونا دوسرے روز بھی ہزاروں روپے مہنگا ہوگیا,1
کلپ میں دکھایا گیا ہے کہ پاکستانی صحافی وزیر اعظم نریندر مودی کی تعریف کر رہے ہیں,0
ڈاکٹر عافیہ صدیقی امریکی جیل میں انتقال کر گئیں۔,0
جرمنی: برلن کے چڑیا گھر میں سفید ریچھ نے خاتون پر حملہ کردیا,1
ٹاٹا موٹرز نے ایم جی دومکیت ای وی کا مذاق نہیں اڑایا,0
ہندوستان میں مسلمان شخص کا دعویٰ ہے کہ COVID-19 ویکسین میں دماغ کو کنٹرول کرنے والا مادہ ہوگا,0
ورلڈ بلائنڈ گیمز کرکٹ: بنگلادیش کو ہراکر پاکستان نے مسلسل دوسری فتح حاصل کرلی,1
ڈیفنس فائرنگ واقعہ: ملزمان نے روٹ کی مکمل ریکی کی تھی، پولیس,1
مسلح ڈکیتی کی ویڈیو شیئر کی گئی جس میں ہندوؤں کو نشانہ بنایا گیا,0
ویڈیو میں کشمیر میں پولیس اور فوج کی بربریت دکھائی گئی ہے,0
کیا سائفر کیس چیئرمین پی ٹی آئی کیخلاف توشہ خانہ سے زیادہ سنگین ثابت ہو سکتا ہے؟,1
ہنگو: مقامی صحافی فاروق پراچہ کے گھر پر نامعلوم افراد کی فائرنگ,1
گرودوارہ دربار صاحب کی چھت پر پاکستانی قومی پرچم پینٹ کیا گیا۔,0
برطانیہ میں 10 سالہ سارہ کا قتل، پاکستان فرار ہونے والے والد، والدہ اور بھائی مطلوب,1
صدر ولادیمیر پوتن، وزیر خارجہ سرگئی لاوروف یا دیگر روسی سیاست دانوں کے ٹیٹو مرنے والے مریضوں پر قائدین کو موت کے منہ میں گھسیٹنے کے لیے ایک عجیب و غریب طریقہ کے طور پر لگائے گئے,0
کراچی کے علاقے منگھوپیر میں باپ نے غیرت کے نام پر بیٹی کو قتل کرکے لاش دفنا دی,1
پاکستان کو 33 ارب ڈالر کی امریکی امداد,0
روس کا یوکرین پر میزائل حملہ، 7 افراد ہلاک اور 129 زخمی,1
ویڈیو میں دکھایا گیا ہے کہ ایک پاکستانی ہسپتال کورونا وائرس کے مریضوں سے بھرا ہوا ہے,0
کراچی: برقعہ پوش نے خاتون پر تیزاب پھینک دیا,1
ایک تصویر میں برکاس کے ووٹنگ میں خواتین کو دکھایا گیا ہے ، جس میں کہا گیا ہے کہ اسی طرح صادق خان لندن کے میئر بنے,0
'آپ کو سینا کے پودے یا ثنا مکی کے پتے کھانے چاہئیں' (مریض شدید اسہال کے ساتھ ہسپتال کے ایمرجنسی رومز میں پہنچ جاتے ہیں کیونکہ 'ثنا مکی' ایک مضبوط جلاب ہے),0
ایران نے بن لادن کی فائلوں کے ساتھ 'جعلی خبریں' پھیلانے پر سی آئی اے کی مذمت کی۔,0
عالیہ بھٹ کی رنبیر سے پہلی ملاقات کس فلم کے سیٹ پر ہوئی؟ اداکارہ کا انکشاف,1
امریندر سنگھ نے بھارت بند سے قبل مکیش امبانی سے ملاقات کی,0
انڈین نیشنل کانگریس پارٹی کی ریلی میں پاکستان کا قومی پرچم لہرایا گیا۔,0
ہوائی اڈے کی قطار میں تصویر میں پاکستانی وزیر اعظم عمران خان کو دکھایا گیا ہے,0
وائرل ہونے والی ویڈیو میں بتایا گیا ہے کہ ہندوستانی فوج پی او کے میں پاکستان کے دہشت گرد اڈے پر حملہ کر رہی ہے,0
تصویر میں پاکستان میں تیار ہونے والے 50 اور 200 روپے کے جعلی نوٹ دکھائے گئے ہیں,0
16 دسمبر 1971 کو بی بی سی بیک وقت یہ خبر دے رہا تھا کہ پاکستانی فوج نے بھارتی فوجیوں کے سامنے ہتھیار ڈال دیے ہیں۔,0
دنیا کے امیر ترین شخص کا گھر اندر سے کیسا ہے؟,1
پاکستان ہاکی فیڈریشن ختم کردی گئی,1
کراچی: پولیس اور رینجرز کی مشترکہ کارروائی، ملک گیر وارداتوں میں ملوث گروہ گرفتار,1
برکس سربراہی اجلاس کا اتحاد کا دائرہ بڑھانے پر اتفاق,1
کویت ایئرویز کی جانب سے 7 پاکستانی پائلٹس کو گراؤنڈ کرنے سے متعلق گردش کرنے والی خبریں جعلی ہیں اور اسے پی ٹی آئی کے آفیشل ٹوئٹر اکاؤنٹ نے مسترد کر دیا ہے۔,0
ترکی کے صدر اردگان کے دوبارہ منتخب ہونے پر جعلی ویڈیوز کی دھوم مچ گئی۔,0
ہندوستانی فوج نے پاکستان کے زیر قبضہ کشمیر کے ایک گاؤں پر قبضہ کرلیا ہے,0
بھارت میں ہونے والے کرکٹ ورلڈ کپ کی ٹرافی پاکستان کب لائی جائے گی؟,1
پاکستانی میڈیا اداکارہ شبنم کے جعلی ٹویٹر اکاؤنٹ کو فالو کر رہا ہے، وہ 'ریپسٹ' کو نکالنے پر پی ٹی آئی کی تعریف کر رہی ہے,0
ویڈیو: خاتون اور معمر شخص کو یرغمال بنانے والے ڈاکو پولیس کارروائی میں ہلاک,1
فالج کی وہ انتباہی نشانیاں جو کئی ہفتوں یا مہینوں پہلے ظاہر ہو جاتی ہیں,1
بالی ووڈ کے اداکار عامر خان نے پاکستانی دہشت گردوں ترک جمیل اور جنید شمشید سے ملاقات کی,0
چین کے ماہر نے دعویٰ کیا ہے کہ پیپلز لبریشن آرمی ایئر فورس (پی ایل اے اے ایف) نے تبت میں ایک ہندوستانی سخوئی ایس یو 30 لڑاکا طیارہ مار گرایا ہے,0
کویتی اہلکار کا پرس چرانے والے گریڈ 20 کے افسر کی جعلی تصویر وائرل,0
ویڈیو میں پاکستان کے وزیر اعظم عمران خان کو ہندوستان کے زیر انتظام کشمیر میں صحافیوں کو گالیاں دیتے ہوئے دکھایا گیا ہے,0
صوفی عبدالجلیل المعروف پاکستانی 'چاچا کرکٹ' انتقال کر گئے۔,0
کراچی، پاک کالونی میں مبینہ پولیس مقابلہ، اہلکار شہید,1
سکھر میں نامعلوم افراد کی فائرنگ، صحافی جان محمد مہر جاں بحق,1
جشن آزادی پاکستان پر امریکا میں کنسرٹ، کیفی خلیل سمیت پاکستانی گلوکاروں کی پرفارمنس,1
پاکستان میں احتجاجی ریلی میں ہندوستانی جھنڈا دیکھا گیاہے,0
بی جے پی پنجاب کے پوسٹر پر کاشتکار فارم کے قوانین سے مطمئن ہیں,0
ورلڈ کپ جیتنے کے بعد کھلاڑی کا بوسہ لینے پر اسپینش فٹبال فیڈریشن کے صدر کی معذرت,1
کوویڈ -19 وبائی امراض جو پاکستان میں بہت ساری اموات کا باعث بنے ہیں,0
چندیولی سے کانگریس ایم ایل اے نسیم خان سٹیج پر پاکستان زندہ باد کا نعرہ لگا رہے ہیں,0
اہلیہ کیلئے شادی کی 50 ویں سالگرہ کا تحفہ، کسان نے سورج مکھی کے لاکھوں پھول اگا دیے,1
ملیکہ بخاری کو بی آئی ایس پی کی سربراہ مقرر کرنے کے حوالے سے ایک پروپیگنڈا گردش کر رہا ہے۔ یہ دعویٰ کرنے کے لیے جعلی نوٹیفکیشن تیار کیا گیا۔ ملیکہ بخاری نے اپنی ٹویٹ میں اس کی واضح تردید کی ہے۔,0
ماریہ ذوالفقار کی جانب سے پاکستانی پائلٹس کو گراؤنڈ کیے جانے کے حوالے سے ایک جعلی خبر پھیلائی جا رہی تھی۔ موسیٰ ورک کہانی میں کھودتے ہیں اور حقائق کے ساتھ آتے ہیں۔,0
پیٹرولیم مصنوعات 20 روپے لیٹر تک مہنگی ہونے کا امکان,1
عمران خان سے تعلقات کا الزام خواجہ سرا نے کھول دیا۔,0
ہندوستانی فوج نےپی او کے میں پن پوائنٹ ہڑتالیں کیں ,0
ناخنوں میں فنگس سے نجات دلانے میں مددگار آسان طریقے,1
ڈان اور منصور علی خان نے جعلی خبروں کا پرچار کرتے ہوئے دعویٰ کیا کہ پاکستان میں 2020 میں دنیا میں مہنگائی کی شرح سب سے زیادہ ہے۔ اسٹیٹ بینک آف پاکستان کا آفیشل ٹویٹر اکاؤنٹ سامنے آیا اور جعلی خبروں کی تردید کی۔,0
متن کے ساتھ بینر رکھنے والے پاکستان لوگوں کی تصویر - ہم کشمیر نہیں چاہتے ہیں۔ ہمیں ہمیں ہائیڈروکسی کلوروکوئن دیں ,0
آر ایس ایس کی ممبر سنڈھیا پھڈکے نے پاکستانی فری اسٹائل پہلوان کو شکست دی,0
البانیہ میں 4 سیاحوں کے کھانے کا بل اٹلی کی حکومت کے گلے پڑ گیا,1
ویڈیو میں دکھایا گیا ہے کہ لوگ اولڈ سٹی ، حیدرآباد میں مدینہ مارکیٹ میں خریداری کررہے ہیں,0
چنئی میں ٹیسلا کے پہلے ہندوستانی یونٹ کے قیام پر وائرل جعلی خبریں,0
لاہور میں جواں سال لڑکی باپ کے سامنے قتل,1
ملک میں فی تولہ سونا سستا ہوگیا,1
عوام کو روسی تیل سے آنے والے دنوں میں فائدہ پہنچے گا: مصدق ملک,1
پاکستان میں جاری سیاسی ہلچل کے درمیان پاکستان تحریک انصاف پارٹی (پی ٹی آئی) کے نام سے جاری ہونے والے معاہدے کی ایک کاپی سوشل میڈیا پر وائرل ہو رہی ہے جس میں دعویٰ کیا گیا ہے کہ عمران خان کی جماعت پی ٹی آئی نے حکومت کے ساتھ معاہدہ کر لیا ہے۔ اور اس معاہدے کی شرط کے مطابق عمران خان کو جیل میں محفوظ رکھنے کا فیصلہ کیا گیا ہے۔ یہ دعویٰ کیا جا رہا ہے کہ پاکستان میں امریکی سفیر ڈونلڈ بلوم نے اس معاہدے کو کروانے میں اہم کردار ادا کیا۔ہم نے اپنی تحقیقات میں پایا کہ عمران خان اور حکومت پاکستان کے درمیان مفاہمت کے دعوے میں کوئی صداقت نہیں ہے اور اس دعوے کے ساتھ وائرل ہونے والا ایم او یو جعلی ہے جسے ایڈیٹنگ کی مدد سے تیار کیا گیا ہے,0
شہباز شریف نے شاہین، حارث اور نسیم کو دنیا کا بہترین بولنگ اٹیک قرار دیدیا,1
بھارت میں مسلم جوڑا بیٹے کے ہندو لڑکی کیساتھ فرار ہونے پر بے دردی سے قتل,1
ڈونلڈ ٹرمپ 'غیر صدر'، واشنگٹن پوسٹ کے تازہ ترین 'ایڈیشن' کا دعویٰ,0
پاکستان ریلوے چین سے ناقص ہائی سپیڈ ریل کوچز درآمد کرتا ہے۔,0
جواہر لعل نہرو یونیورسٹی میں زعفرانی پرچم لہرائے جانے اور پاکستان مخالف نعروں کی ویڈیو ہے,0
ٹیکسلا میں 500 کے ایزی لوڈ پر جھگڑا، دکاندار کی فائرنگ سے گاہک جاں بحق,1
پہلا ون ڈے: پاکستان نے افغانستان کو 142 رنز سے شکست دے دی,1
عالمی مارکیٹ میں سونے کی قیمت میں 11 ڈالر کا اضافہ,1
لاہور: سی آئی اے کینٹ اور ڈاکوؤں میں مقابلہ، زیر حراست 3 ڈاکو ہلاک,1
بس فلو، پانی پیو,0
پاکستان میں ہندو جوتا بنانے والا ہلاک ہوا,0
تھائی لینڈ کے سابق وزیراعظم جلاطنی ختم کرکے وطن واپسی پر گرفتار، جیل منتقل کردیا گیا,1
راولاکوٹ میں شہریوں نے مہنگی بجلی کیخلاف احتجاجاً 30 ہزار سے زائد بل جلا دیے,1
ڈان 3 میں رنویر سنگھ کی ہیروئن کون ہوں گی؟,1
ہم جنس شادی کے قانون سے متعلق جھوٹی خبروں کا پردہ فاش,0
ایک صحافی کا دعویٰ ہے کہ عقیل کریم ڈھیڈی کو پاکستان سپورٹس بورڈ کا ممبر مقرر کیا گیا ہے۔ جبکہ حقیقت میں، وہ نومبر 2016 سے PSB کے ممبر ہیں۔,0
غربی بنگال کے ہگلی ضلع کے تلینی پاڑہ میں دلت ہندوؤں کے گھر جلائے جا رہے ہیں,0
پاکستان میں ایک سیاسی ریلی میں ہندوستانی قومی پرچم لہرایا گیا,0
ایشیا کپ کیلئے نیپال کرکٹ ٹیم پاکستان پہنچ گئی,1
اگست کن 5 ستاروں کیلئے خوش قسمت مہینہ ثابت ہوگا؟,1
کشمیر میں بھارتی یا پاکستانی لڑاکا طیاروں کی ویڈیو,0
جھوٹا دعوی 'روسی ہوا بازی کے امکانات' کی وضاحت کے لیے ویڈیو گیم فوٹیج کا استعمال کرتا ہے,0
صومالیہ کی حکومت نے ٹک ٹاک اور ٹیلی گرام پر پابندی لگا دی,1
ویڈیو: امریکا میں پولیس سے بھاگتے شخص نے گاڑی ہجوم پر چڑھادی,1
پاکستان میں گاڑیوں کی قیمتیں کم ہو گئی ہیں,0
پاکستان کے وزیر اعظم عمران خان نے کہا کہ گراف کو الٹا پڑھنے کے بعد نوول کورونہ وائرس وکر چپٹا ہوا تھا,0
انٹربینک میں ڈالر ٹرپل سنچری کے قریب پہنچ گیا,1
پرینیتی چوپڑا کی شادی کی تاریخ سامنے آگئی,1
مرد صرف وہ شریف ہے جسے موقع نہیں ملا: ندایاسر,1
شاداب ایک مکمل پیکج، اعظم حریف ٹیموں کیلئے خطرہ ہے: ٹام موڈی,1
چوری کے قابل کچھ نہ ملا، گھر میں گھسنے والے چور مالک کیلئے 500 روپے چھوڑ گئے,1
توشہ خانہ کیس: یہ مختصر سزا ہے جو بغیر نوٹس بھی معطل ہو جاتی ہے، چیف جسٹس اسلام آباد ہائیکورٹ,1
10سالہ بچی نے بنا اسکول کی چھٹی کیے 50 ممالک کا سفر کیسےکیا؟,1
مسلم لیگ ن کے افتخار چیمہ نے 26 سالہ لڑکی سے شادی کر لی,0
نیند سے شخصیت پر مرتب ہونے والے اثرات کا انکشاف,1
حکومت مساجد پر پابندی کیوں لگا رہی ہے جبکہ بازار کھلے ہیں؟ کیا کورونا سبزی منڈیوں میں نہیں جاتا؟,0
کوئٹہ میں فائرنگ، اسلم رئیسانی کے بھتیجے سمیت 3 افراد جاں بحق,1
اسٹینڈرڈ چارٹرڈ بینک پاکستان میں اپنا آپریشن بند کر رہا ہے۔,0
پاکستان کے بلاول بھٹو کا خطرناک جھوٹ,0
پریش راول نے ہیرا پھیری 3 سے متعلق کیا خواہش کی ؟,1
پی ٹی وی کی جانب سے وزیراعظم خان کی مارننگ واک کی جعلی تصاویر شیئر کی گئیں۔,0
لڑکی فون چھیننے والے ڈاکو کی محبت میں گرفتار ہوگئی، جلد شادی متوقع,1
گاڑی کے شیشوں پر ان سیاہ نقطوں کی موجودگی کی وجہ جانتے ہیں؟,1
برکس کا سعودیہ اور ایران سمیت 6 ممالک کو رکنیت دینے کا فیصلہ,1
دنیا کی تاریخ کا امیر ترین فرد کون تھا جس کے سامنے ایلون مسک بھی کچھ نہیں؟,1
تصویر میں ایک جزوی طور پر ڈوبے ہوئے پاکستانی کمانڈو کو ایک ہتھیار کے ساتھ دکھایا گیا ہے,0
ویڈیو میں دکھایا گیا ہے کہ پاکستان یا حیدرآباد ، ہندوستان میں نوول کورونہ وائرس کی زبردست صورتحال ہے,0
ماہرہ خان کی دوسری شادی کی خبروں پر انکی مینیجر کا بیان آگیا,1
گردوں کے امراض کا اشارہ دینے والی 10 علامات,1
تصویر میں دسمبر 2020 میں پاکستان میں سیاسی اپوزیشن کی ریلی دکھائی گئی ہے,0
دہلی ہائی کورٹ نے یوٹیوب چینلز کو جعلی خبریں شیئر کرنے سے روک دیا,0
ہارر فلمیں دیکھنے سے جسم پر مرتب ہونے والے حیرت انگیز اثر کا انکشاف,1
پرویز مشرف نے کہا کہ پاکستان کی سب سے بڑی طاقت بھارتی مسلمان ہیں، ایٹمی بم نہیں۔ وہ آبادی کے دھماکے سے ہندوستان کو ایک اسلامی ملک میں تبدیل کر رہے ہیں۔ بھارت کشمیر سے آرٹیکل 370 منسوخ کر سکتا ہے، بھارت رام مندر بنا سکتا ہے، بھارت پاکستان کے خلاف جنگ جیت سکتا ہے، لیکن بھارت خود کو اسلامی ملک بننے سے نہیں روک سکتا,0
87 سالہ خاتون نے گھر میں گھسنے والے ڈاکو سے ہاتھا پائی کے بعد اسکی دعوت کردی,1
ڈان کے صحافی جبڈ نقوی پاکستانی ہیں,0
سکھ پاکستان کے حق میں نعرے لگا رہے ہیں,0
چینی سفارت کار نے پاکستان کو طیارہ بردار بحری جہاز کی 'فروخت' پر ہوا صاف کردی,0
2 ہزار سال قبل ڈوب جانے والے بحری جہاز کا ملبہ دریافت,1
ویڈیو میں دکھایا گیا ہے کہ پاکستان کے پنجاب میں ہندو خواتین پر حملہ ہوا,0
ہندوستان میں لاک ڈاؤن کے دوران مسلمان خواتین خریداری کرتے ہوئے پکڑی گئیں,0
نظام شمسی کے گرم ترین سیارے جتنی سورج کی روشنی برداشت کرنے والا زمین کا مقام دریافت,1
لاہور: ڈیفنس میں فائرنگ سے باپ بیٹا قتل,1
راکھی کے ساتھ اور لوگوں نے ملکر مجھے فریم کیا : عادل درانی,1
لاہور میں پولیس کانسٹیبل نے تھانے کے باہر سے 40 موٹر سائیکلیں چوری کرلیں,1
بھارت میں بیکری میں ناراض گاہک,0
کوئٹہ: انسداد پولیو ٹیم پر فائرنگ سے 2 پولیس اہلکار شہید,1
مارگلہ ہلز ٹریل 3 مبینہ زیادتی کیس، لڑکی نے عدالت میں فراڈ کا اعتراف کرلیا,1
بٹگرام چیئرلفٹ: غیر معیاری انتظامات پر مالک کو 2 بار نوٹس جاری ہونےکا انکشاف,1
روم کے زیر تعمیر ہوٹل کے باغ کے نیچے سے 2 ہزار سال پرانا تھیٹر دریافت,1
لاہور میں بھیک مانگنے سے منع کرنے پر خواجہ سرا نے رکشہ ڈرائیور کو قتل کردیا,1
’زندگی کی امید ختم ہوگئی تھی‘ ، ڈولی میں موجودگلفراز نے جیو سے گفتگو میں قصہ بیان کردیا,1
بے روزگار شخص جعلی ٹریفک پولیس افسر بن کر دو ماہ تک سڑکوں پر ڈیوٹی دیتا رہا,1
مختلف یونیورسٹیوں کے تمام طلباء کو مطلع کیا جاتا ہے کہ ہم نے تمام آن لائن کلاسز کو روکنے کا فیصلہ کیا ہے اور سب سے اہم بات یہ ہے کہ تمام امتحانات منسوخ کر دیے گئے ہیں۔,0
وزن کم کرنا چاہتے ہیں تو جان لیں ورک آؤٹ کرنیکا درست وقت کونسا ہے؟,1
پولٹری پر فوری پابندی'چکن مت کھاؤ!',0
پاکستان اسٹاک ایکسچینج میں کاروبار کا منفی دن,1
کراچی، ڈیفنس میں ملازم کا اندراج نہ کروانا مالک کو مہنگا پڑ گیا,1
مسلسل اضافےکے بعد ملک میں سونےکی قیمت کو بریک لگ گئی,1
پینٹاگون میں دھماکے کی جعلی AI سے تیار کردہ تصویر وائرل ہو گئی۔,0
ویڈیو میں دکھایا گیا ہے کہ دہلی میں جاری کسانوں کے احتجاج کی حمایت میں لندن میں ہونے والے ایک احتجاج میں پاکستان اور خالصتان کے حق میں نعرے لگائے گئے ہیں,0
ایشیا کپ کیلئے بھارتی اسکواڈ کا اعلان، کے ایل راہول اور بمراہ کی ٹیم میں واپسی,1
پاکستانی طالبان نے پولیس کے خلاف حملوں میں اضافہ نہیں کیا۔,0
راولپنڈی میں پاکستانی بینک کی برانچ میں عملے کا نوول کورونہ وائرس کا ٹیسٹ مثبت ہے,0
گوگل نے بھارت کے نقشے سے ایل او سی کو ہٹا دیا,0
منال اور احسن کے ہاں ننھے مہمان کی آمد جلد متوقع,1
رضوانہ تشدد کیس: سول جج عاصم حفیظ کونوکری سے برخاست کرنیکی درخواست سماعت کیلئے منظور,1
پاکستان اسٹاک ایکسچینج میں کاروبار کا منفی رجحان,1
سابق بھارتی کرکٹرز ایشیا کپ کیلئے ٹیم کی سلیکشن پر پھٹ پڑے,1
"نئے صدر کے پریس سکریٹری نے تیزی سے اعلان کیا کہ یہ ""دنیا میں کسی افتتاحی تقریب کا مشاہدہ کرنے والا سب سے بڑا سامعین"" ہے۔",0
'اسٹیبلشمنٹ' دھاندلی کے انتخابات,0
پی ٹی آئی کے نام سے جعلی پوسٹر لگائے جا رہے ہیں۔ اسے پی ٹی آئی کی سرکاری ٹیم نے نہیں بنایا اور قیادت نے بھی اس کی مذمت کی ہے۔,0
مدھیہ پردیش میں ایک مدرسے کے طلباء نےپاکستان زندہ باد کے نعرے لگائے,0
ماں نے ڈیڑھ ماہ کے بچے کو چپ کروانے کیلئے فیڈر میں شراب بھر کر پلادی,1
اسکول کو چند مظاہرین نے تین ہفتے قبل اس وقت شروع کیا تھا جب انہوں نے کئی بچوں کو، جن میں زیادہ تر دہلی-ہریانہ کی سرحدوں سے رگ چنے والے تھے، ادھر ادھر گھس رہے تھے۔,0
شادی کے بعد زندگی میں تبدیلی آتی ہے، اہلیہ خوش قسمت ثابت ہوئیں: حارث,1
کراچی: بیوی نے بیٹی اور بھائی کے ساتھ ملکر شوہر کو قتل کردیا، لاش تیزاب میں ڈال دی,1
انٹر بینک اور اوپن مارکیٹ میں ڈالر کی اونچی اڑان کا سلسلہ جاری,1
امریکہ نے القاعدہ کی جعلی ویڈیوز بنانے پر کروڑوں خرچ کیے جسے بیورو آف انویسٹی گیٹو جرنلزم نے بے نقاب کیا ہے۔,0
ملک میں امریکی ڈالر کی قدر میں کمی,1
عمران خان کی ڈمی کو جلانے کی کوشش میں بھارتیوں نے خود کو جلا لیا۔,0
پولیس کی وردی اور شناختی کارڈ میں ایک خاتون کی تصویر کو اس دعوے کے ساتھ شیئر کیا گیا ہے کہ پنجاب میں اس کے ساتھ زیادتی اور قتل کیا گیا تھا۔ وائرل پوسٹ میں کہا گیا ہے کہ اس کی لاش سڑک پر پھینک دی گئی,0
ورلڈ بلائنڈ گیمز کرکٹ میں پاکستان فائنل میں پہنچ گیا,1
ویڈیو میں دکھایا گیا ہے کہ پاکستانی ممبران پارلیمنٹ مودی ، مودی کے نعرےلگا رہے ہیں,0
بنگلور کے شیواجی نگر میں موجودہ لاک ڈاؤن کے دوران سنگرودھ کے مرکز سے بھاگنے والی خواتین کی ویڈیوہے,0
زیادتی کی کوشش کا الزام، اداکارہ صرحا اصغر کی عدم دلچسپی پر ملزم رہا,1
نوکری نہیں تو سامان فراہم کردیں تاکہ لوگوں کی جانیں بچاسکیں: صاحب خان,1
10 سالہ سارہ کا قتل، برطانوی پولیس نے والد کی کھوج کیلئے پاکستان سے رابطہ کرلیا,1
ہراسانی کے الزامات، مس یونیورس انتظامیہ نے انڈونیشیا سے تعلقات منقطع کر لیے,1
لوگوں کے لیے جسمانی وزن میں کمی لانا بہت مشکل کیوں ہوتا ہے؟ وجہ سامنے آگئی,1
مورف شدہ تصویر اس دعوے کے ساتھ وائرل ہوئی ہے کہ کراچی میں حکومت مخالف مظاہروں کے درمیان پاکستانی کراچی میں ہندوستانی پرچم لہرا رہے ہیں,0
راہول گاندھی کی ایوان میں واپسی پر کانگریس نے مودی کو ’گبر سنگھ‘ بناکر ویڈیو پوسٹ کردی,1
وائرل ویڈیو میں مار کھا رہے لڑکے۔ لڑکی اور مارنے والے لوگ سبھی ہی مسلمان تھے، اس معاملہ کاکوئی فرقہ وارانہ اینگل نہیں ہے۔,0
ویڈیو میں  ہندوستانی اور پاکستانی فوجیوں کو ایک جنگ میں دکھایا گیا ہے,0
ایک خبر پھیلائی جارہی تھی کہ مفتی عبدالقوی کو چیئرمین پی ٹی آئی عمران خان کا مشیر مقرر کردیا گیا ہے- یہ خبر بالکل درست نہیں، مفتی عبدالقوی چیئرمین کے مشیر برائے مذہبی امور نہیں ہیں۔,0
پاکستانی پنک سالٹ اب امریکا برآمد ہو سکے گا، امریکی کمپنی کیساتھ معاہدہ طے پا گیا,1
ٹرمپ کیخلاف الیکشن پر اثر انداز ہونے کے کیس کی جج کو قتل کی دھمکی دینے والی خاتون گرفتار,1
خون کے کینسر کے علاج کیلئے نئی ادویات کے نتائج متاثر کن قرار,1
کیریبین پریمیئر لیگ میں سلمان ارشاد اور محمد عامر کی تباہ کن بولنگ,1
کینسر جیسے مرض سے بچنے کیلئے روزانہ 3 منٹ اس کام کو کرنا عادت بنالیں,1
پرتگال نے پاکستان کو سفر کے لئے محفوظ قرار دیا ہے,0
وزیراعظم عمران خان کی تقریر کے حوالے سے جھوٹی خبر 21 اکتوبر کو کوئی تقریر طے نہیں تھی اور چینلز اس کی رپورٹنگ کر رہے تھے۔,0
پاک چین اقتصادی راہداری کے بارے میں جھوٹی خبریں - چینی سفارتخانے نے بے نقاب کر دیا۔,0
بالی وڈ اداکارہ زرین خان ڈینگی کا شکار، اسپتال داخل,1
دنیا کا عجیب ترین قصبہ جہاں بیشتر گھر 2 ممالک میں واقع ہیں,1
اپنی شادی سے متعلق افواہوں پر علی سیٹھی کا ردعمل,1
کمرشل رائٹس اور لیگز کا معاملہ: کپتان سمیت سینئر کھلاڑیوں کی پی سی بی حکام سے طویل ملاقات,1
پی او کے کی حالیہ ویڈیو پاکستان کے ہاتھ سے پھسل رہی ہے,0
ویڈیو میں دکھایا گیا ہے کہ لوگ ہزارا کے قتل کے خلاف احتجاج کر رہے ہیں وہ پاکستان مقبوضہ کشمیر سے ہیں,0
گوگل میپس نے ہندوستان کے فائدے کے لیے ایل او سی اور ایل اے سی کو ہٹا دیا ہے,0
یہ ویڈیو سروودیا مندر، گھاٹ کوپر، ممبئی سے لی گئی ہے۔,0
کامران خان نے ٹویٹ کیا کہ وزیراعلیٰ عثمان بزدار نے 'سخت سوالات' کی وجہ سے جان بوجھ کر انٹرویو چھوڑ دیا۔ ڈیجیٹل میڈیا پر وزیراعلیٰ پنجاب کے فوکل پرسن اظہر مشوانی نے جواب دیا اور اصل کہانی بیان کی۔,0
کراچی: مبینہ مقابلے میں دو بھائیوں کو زخمی کرنے کا معاملہ مشکوک، گرفتاری کی ویڈیو جاری,1
بھارت نے سری نگر کے ایک اہم میڈیا ادارے کی ویب سائٹ کو بلاک کر دیا,1
"""ہم میں سے کچھ اپنے ساتھیوں کی موت کو سنسنی خیز ٹویٹس کرنے کے لیے استعمال کرنے کے لیے تیار ہیں صرف اس وجہ سے کہ اسے لائکس ملیں گے۔ دیکھیں کہ یہ آدمی کس طرح پہلے ایک کہانی دیتا ہے جسے میں نے YDA ذرائع کے حوالے سے احترام کے ساتھ درست کیا تھا۔ اس کے بعد اس نے میرے تبصرے کو چھپا دیا جس سے اس کا پردہ فاش ہوا لیکن اس نے اعتراف کیا۔ وہ COVID-ve تھا۔"" ڈیجیٹل میڈیا پر وزیر اعظم کے فوکل پرسن ڈاکٹر ارسلان خالد نے کہا۔",0
پیسے اکٹھے کرکے لاٹری کا ٹکٹ خریدنے والی خواتین خاکروب 10 کروڑ روپے کا انعام جیت گئیں,1
ویڈیو چین سے تربیت یافتہ پاکستانی پیرا ٹروپر کی ہے۔,0
شمالی کوریا کا ایک اور کروز میزائل کا تجربہ، امریکا نے امن کیلئے خطرہ قرار دیدیا,1
پاکستانی شہریوں نے اپنے مذہبی عمل کے طور پر درختوں کو جڑ سے اکھاڑ پھینکا,0
ویڈیو میں دکھایا گیا ہے کہ حالیہ جنگ بندی کی خلاف ورزیوں کے دوران پاکستانی فوج شہری علاقے سے ہندوستان کی سرحد کی طرف راکٹ فائر کر رہی ہے,0
ہندوستانی اور پاکستان آرمی کی ویڈیو دیوالی پر مٹھائی کا تبادلہ کرتی ہے,0
ایکسپو سینٹر فیلڈ ہسپتال کوئی کرایہ ادا نہیں کر رہا ہے کیونکہ زمین اور عمارت دونوں وفاقی اور پنجاب حکومت کی ملکیت ہیں۔ لیکن 24 نیوز نے ایک اور جھوٹی خبر چلائی جس میں یہ دعویٰ کیا گیا تھا کہ حکومت کو کرایہ کی مد میں 500 ملین روپے سے زیادہ ادا کرنے ہیں۔,0
سازشی نظریات کو متنازعہ امریکی ہتھیار ترکی، شام میں زلزلے سے جوڑتا ہے,0
یہ پاکستانی فوج کی کشمیر کی طرف چارج کرنے کی حالیہ تصویر ہے۔,0
ہندوستانی مسلمان وزیر اعظم مودی کے خلاف احتجاج کے لئے قومی پرچم جلا رہے ہیں,0
ہندوستانی فوج نے یہ ظاہر کرنے کے لئے جعلی ویڈیو استعمال کی کہ انہوں نے لوک پر پاکستانی بنکروں کو تباہ کردیا,0
تصویر میں دکھایا گیا ہے کہ ہندوستانی فوج نے شامی دھماکوں کی ویڈیو کو ایل او سی میں اضافہ کے طور پر استعمال کیا,0
اس تصویر میں چھپے برفانی چیتے کو تلاش کر سکتے ہیں؟,1
ملک میں سونےکی فی تولہ قیمت میں 1500 روپے کا اضافہ,1
قبض سے ایک اور سنگین مرض کا خطرہ بڑھنے کا انکشاف,1
لاہور میں شوہر کے ہاتھوں امریکن بیوی قتل، لاش دفناتے پکڑا گیا,1
3 سیکنڈ کی وہ ورزش جو آپ کے مسلز کو زیادہ مضبوط بنا سکتی ہے,1
ایک ٹی وی چینل جی این این پر جعلی خبر چل رہی تھی جس میں انہوں نے دعویٰ کیا تھا کہ ندیم افضل چن نے پی ٹی آئی سے استعفیٰ دے دیا ہے۔ شہباز گل نے وضاحت پیش کرتے ہوئے کہا کہ خبر درست نہیں۔,0
بھارت: کنویں میں گرے جانور کو بچاتے ہوئے 5 افراد ہلاک,1
ویڈیو کولاج میں نااہل بھارتی چھاتہ بردار اور پاکستانی چھاتہ برداروں کی شاندار کارکردگی کو دکھایا گیا ہے,0
اسلام آباد انٹرنیشنل ائیر پورٹ کو آؤٹ سورس کرنےکی منظوری دیدی گئی,1
گزشتہ مالی سال عوام سے کتنی پیٹرولیم لیوی لی گئی؟ فسکل آپریشن رپورٹ جاری,1
6 ماہ کیلئے وزیرخارجہ بنا دیں، غیر ملکی اثاثے 100 ارب ڈالر تک پہنچا دونگی: حریم شاہ,1
چند منٹوں میں بہت زیادہ پانی پینے کے باعث خاتون ہلاک,1
پاکستان میں مسلمانوں نے مندر بناؤ مہم کا آغاز حال ہی میں صوبہ خیبر پختونخوا کے ایک گاؤں میں ایک ہندو مندر کو تباہ کیے جانے کے بعد کیا,0
حسینہ واجد کے بیٹے کے قتل کی سازش کا الزام، اخبار کے دو سینیئر ایڈیٹرز کو 7 سال قید کی سزا,1
ڈینگی بخار کی علامات اور انتباہی نشانیاں جان لیں,1
اٹلی کے معروف اداکار مجھے میسجز کرتے ہیں: میرا کا انکشاف,1
عمران اور شہباز دورِ حکومت میں امریکی ڈالر کتنا مہنگا ہوا؟,1
اسلام آباد: ٹی بی سمیت مختلف امراض میں استعمال ہونیوالی 200 سے زائد ادویات کی قلت,1
250 سے زائد مسافروں کو لے جانیوالے جہاز کا پائلٹ دوران پرواز چل بسا,1
کورونا کی پہلے سے بہت زیادہ تبدیل نئی قسم 4 ممالک میں دریافت,1
ملک میں سونے کی فی تولہ قیمت میں نمایاں اضافہ,1
پاکستانی ریڈارز کو بند کر دیا گیا تھا کیونکہ ان کے فوجی اڈے کو بجلی کی فراہمی نہیں تھی,0
فلوریڈا کے قریب سمندری سطح کے درجہ حرارت نے ممکنہ عالمی ریکارڈ بنا دیا,1
پشاور زلمی کا ورلڈ جونیئر اسکواش چیمپئن حمزہ خان کیلئے 10 لاکھ کا انعام,1
حقیقت کی جانچ پڑتال: کیا مسلم رجمنٹ نے 1965 میں پاکستان کے خلاف جنگ سے انکار کیا؟,0
گوجرانوالا میں خود کے اغوا کا ڈرامہ دوست کی جان لے گیا,1
وائرل ویڈیو پنجاب میں مشتعل کسانوں کے ذریعہ جلائے گئے جیو ٹاور کی ہے,0
لداخ کی وادی گلوان میں ہندوستان اور چین کی سرحدی لڑائی سے متعلق تصاویر اور ویڈیوز دکھائے گئے ہیں,0
وضاحت کی گئی: ملک بھر میں شدید بارشوں کے باوجود فرانس خشک سالی کے لیے الرٹ کیوں ہے؟,0
فیفا ویمن ورلڈکپ جیتنے کے بعد اسپین کی کپتان کو صدمہ، والد کی وفات کی خبر مل گئی,1
چنئی کے پونماللی علاقے سے طوفان نیوار کی تصویر ہے,0
راولپنڈی میں ڈینگی مریضوں کی تعداد میں تیزی سے اضافہ,1
جارجیا میں انتخابی نتائج پلٹنے کا مقدمہ، ٹرمپ کل خود کو جیل حکام کے سپرد کرینگے,1
آسٹریلوی بیٹر اسٹیو اسمتھ کا بائیں کلائی کی انجری کے بارے میں انکشاف,1
ایم 17 لاڈک میں گر کر تباہ ہوا,0
بھارتی لڑکی کا محبوب سے ملاقاتوں کیلئے انوکھا طریقہ، پورے گاؤں کی بجلی منقطع کرتی رہی,1
لاہور: گردوں کی غیر قانونی پیوند کاری میں ملوث 3 ڈاکٹروں سمیت 11 افراد گرفتار,1
ایک وائرل ویڈیو جس میں سائن بورڈ دو موٹرسائیکلوں سے ٹکرا رہا ہے چنئی کا ہے جب طوفان نروانا شہر سے ٹکرایا,0
انٹربینک: روپے کے مقابلے میں ڈالر کی اونچی اڑان,1
افغان کرکٹ ٹیم کے کپتان کا پاکستانی کھلاڑیوں کو روایتی افغان ڈریس کا تحفہ,1
پاکستان کی اسلامی سیاسی جماعت (جماعت اسلامی) کے سربراہ نے ایک خط لکھا جس میں پارٹی کے ارکان پر زور دیا گیا کہ وہ چار خواتین سے شادی کریں اور پارٹی کی پیروی کو بڑھانے کے لیے مانع حمل ادویات کو ترک کریں,0
جنوبی افریقا کا مینز اور ویمنز کرکٹرز کو یکساں معاوضہ دینے کا اعلان,1
پولیس نے کانگریس کے رہنماؤں کو بلاس پور میں پارٹی کے ایک اجلاس میں ‘پاکستان زندہ آباد’ کے نعرے لگانے پر پولیس نے کانگریس رہنماؤں پر لاٹھی چارج کیا,0
پہلی بار انسانی دل میں پلاسٹک کے ننھے ذرات دریافت,1
گزشتہ 25 سال کی 10 بہترین فلمیں، کیا آپ نے انہیں دیکھا ہے؟,1
ویڈیو میں ہمارے اور پاکستانی فوج کے مابین مقابلہ دکھایا گیا ہے,0
ہندوستانی فضائیہ نے پاکستان کا مذاق اڑانے کے لئے لڑاکا جیٹ پر چار درخت اور ایک کوا شامل کیا ہے,0
بھارتی عدالت نے بالی وڈ کی نامور اداکارہ کو 6 ماہ قید اور جرمانے کی سزا سنا دی,1
کینیڈا کے جنگلات میں دہائی کی بدترین آگ، 22 ہزار سے زائد افراد بے گھر,1
ازبکستان: بچوں کی ہلاکتوں کے کیس میں بھارتی دواساز کمپنی کے خلاف اہم انکشافات,1
یک حالیہ ویڈیو میں دکھایا گیا ہے کہ ایک چینی انجینئر اپنے پاکستانی ڈرائیور کو کیمرے میں مارتے ہوئے پکڑا گیا ہے,0
مودی کی لیک آڈیو ریکارڈنگ سے یہ ثابت ہوتا ہے کہ اس نے پلواما حملے کا ارادہ کیا ہے,0
راہول گاندیس واناد مہم میں پاکستانی جھنڈے لہرا رہے تھے,0
پاکستان کی حکومت نے 2020 میں اپوزیشن پارٹی کی ریلی کے لیے پنڈال بھر دیا,0
110 سال کی عمر میں تعلیم حاصل کرنیوالی سعودی خاتون,1
کراچی میں 3 روز کے دوران پیپلز پارٹی کے 2 مقامی عہدیدار قتل,1
سابق پاکستانی صدر نے گرینڈ مسجد ضبطی کے بارے میں فوجی ردعمل کی قیادت کی,0
ویڈیو ہندوستانی فوج کی ہے جو کشمیری مسلمانوں کو پیٹ رہی ہے,0
دوسرا ون ڈے: افغانستان کا پاکستان کو جیت کیلئے 301 رنز کا ہدف,1
وہ ملک جہاں اسکولوں میں کلاشنکوف چلانے کیساتھ ہینڈ گرینیڈ کا استعمال بھی سکھایا جائے گا,1
امریکا: لاٹری ٹکٹ خریدنے والے نامعلوم شخص نے 1.8 ارب ڈالرز کا انعام جیت لیا,1
کینسر جیسے مرض سے خود کو محفوظ رکھنا چاہتے ہیں؟ تو یہ آسان عادت آج ہی اپنالیں,1
فضائی آلودگی سے اینٹی بائیوٹیکس مزاحمت بڑھ رہی ہے، تحقیق,1
غیر ازدواجی تعلق پر اہل علاقہ کا 2 بچوں کے باپ اور آشنا کو کھمبے سے باندھ کر تشدد,1
بورے والا: چھری کے وار سے بیٹی کی آنکھیں ضائع کرنیوالا ملزم پولیس تحویل میں ہلاک,1
ملک میں سونے کی فی تولہ قیمت میں 600 روپے کا اضافہ,1
سعودی عرب اور ایران کے تعلقات درست راستے پر ہیں: ایرانی وزیر خارجہ,1
ورلڈ کرائم انڈیکس میں ہم چھٹے سے 128 ویں نمبر پر آچکے ہیں: آئی جی سندھ,1
الیکشن تاریخ کیلئے چیف الیکشن کمشنر شاید صدر سے ملاقات نہ کریں,1
نامکمل ہوم ورک کی سزا سے بچنے کیلئے طالبعلم نے اپنے ہی اغوا کا ڈرامہ رچالیا,1
صدر مملکت نے عام انتخابات کی تاریخ کیلئے چیف الیکشن کمشنر کو طلب کرلیا,1
کاروباری ہفتے کے آخری روز ڈالر مزید مہنگا ہوگیا,1
پی آئی اے کے پائلٹ نے اپنے بارے میں من گھڑت خبر ,0
تصویر 13 نومبر 2020 کو کشمیر میں ایل او سی پر پاکستان کے ہاتھوں مارے گئے 28 ہندوستانی فوجیوں کے تابوت دکھاتی ہے,0
پریانکا کو حقیقت میں بغیر میک اپ دیکھ کر اس پر سےکرش ختم ہوگیا: معمر رانا,1
جب ہم گارگل کرتے ہیں تو کورونا کے جراثیم گلے یا ناک سے خارج ہو جاتے ہیں,0
چاند پر جانیوالے بھارت کے مشن چندریان 3 کا بجٹ کتنا ہے؟,1
پاکستانی 'بھارتی ٹماٹروں' کو تباہ نہیں کر رہے جیسا کہ وائرل ویڈیو میں مبینہ طور پر کیا گیا ہے۔,0
آئی پی سی کے خط کے بعد پی سی بی میں تبدیلیوں کی بازگشت,1
پاکستان نے عید الفطر 2021 کے لیے پانچ چھٹیوں کا اعلان کیا ہے۔,0
پرچی کے نعروں کے ڈر سے والدین کو اسٹیڈیم میں میچ نہیں دکھایا: امام الحق,1
ہائی بلڈ شوگر کے شکار افراد میں فالج اور ہارٹ اٹیک کا خطرہ بڑھ جاتا ہے، تحقیق,1
رحیم یار خان: پولیس مقابلے میں ڈاکوؤں کا سرغنہ جانو انڈھڑ سمیت 6 ڈاکو ہلاک,1
لاہور کے علاقے اقبال ٹاؤن میں گھر میں ڈکیتی، ڈاکو ایک کروڑ روپے اور زیورات لوٹ کر فرار,1
جیمز ویب ٹیلی اسکوپ کی نئی تصویر نے سائنسدانوں کے ذہن گھما دیے,1
وہ بہترین فلم جو آغاز سے اختتام تک دیکھنے پر مجبور کر دے گی,1
یہی وہ وقت ہے جب لوگوں نے آن لائن یہ دعویٰ کرنا شروع کیا کہ بندر پاکس کی بیماری کا پتہ AstraZeneca کورونا وائرس ویکٹر ویکسین سے لگایا جا سکتا ہے، جس میں چمپینزیوں کے اڈینو وائرس کو کورونا وائرس سپائیک پروٹین کے ڈی این اے کے کیریئر کے طور پر شامل کیا گیا ہے۔,0
ملک میں انسانی جان بچانے والی متعدد ادویات کی قیمتوں میں بھی ہو شربا اضافہ,1
پاکستان مخالف نعرے لگانے والے لوگوں کی ویڈیو جے این یو کیمپس کا ہے,0
سیما حیدر پر بننے والی فلم میں سیما کا کردار کونسی بھارتی اداکارہ نبھائیں گی؟,1
جناح ہاؤس حملہ کیس، عدالت نے عمران خان کو گرفتار کرنے کی اجازت دے دی,1
ورلڈکپ کے شیڈول میں مزید تبدیلی کرنا ممکن نہیں: نائب صدر بی سی سی آئی,1
پگڑی پہنے ہوئے مسلمان آدمی یہ ظاہر کرنے کے لئے کہ سکھ سی اے اے پر احتجاج کر رہے ہیں,0
اسلام آباد: اسکول میں 6 سالہ بچے سے ساتھی طالبعلم کی مبینہ زیادتی,1
کیا اکثر ہاتھ پیر سن ہونا یا سوئیاں چبھنے کا احساس کسی بیماری کی علامت ہوتا ہے؟,1
سری نگر، انڈیا (اے پی پی) - ہندوستان کے زیر انتظام کشمیر میں پولیس نے بدھ کو کہا کہ حکومتی فورسز نے متنازع علاقے کے مرکزی شہر میں ایک مسلح تصادم میں تین مشتبہ عسکریت پسندوں کو ہلاک کر دیا,0
اڑی کو پاکستان میں ٹیکس فری قرار دے دیا گیا,0
پاکستان اسٹاک ایکسچینج میں زبردست تیزی کا رجحان,1
اشوک گیہلوٹ پاکستانی پرچم لہرا رہا تھا,0
پاکستان میں مہنگائی کی شرح میں اضافہ، 32 اشیاء کی قیمتیں بڑھ گئیں,1
کراچی: بھٹائی کالونی میں نامعلوم ملزم نے گھر میں گھس کر مزدور کا گلا کاٹ دیا,1
سابق پاکستانی سفارتکار ظفر ہلالی نے اعتراف کیا کہ بھارت نے بالاکوٹ فضائی حملے میں 300 افراد کو مار گرایا,0
صنم ماروی نے میڈیا پر گردش کرنے والی زیادتی اور ڈکیتی کی کوشش کی افواہوں کی تردید کی۔,0
اوپن مارکیٹ میں ڈالر ایک روپیہ مہنگا ہوکر 302 روپےکا ہوگیا,1
بھارت: میڈیکل کالج میں داخلے میں ناکامی پر نوجوان کی خودکشی، باپ نے بھی اپنی جان لےلی,1
دنیا کی سب سے مہنگی گاڑی کی قیمت دنگ کر دے گی,1
کینیڈا کے جنگلات میں لگی آگ مزید پھیل گئی، 30 ہزار گھروں کو خالی کرنے کا حکم,1
گلوکارہ نازیہ حسن کو مداحوں سے بچھڑے 23 برس بیت گئے,1
پشاور: بی آر ٹی منصوبے کو تین سال مکمل ہونے کے باوجود مسافر سہولیات سے محروم,1
اکشے کمار دوبارہ بھارتی شہری بن گئے,1
ایشیا کپ کیلئے نیپال کرکٹ ٹیم 23 اگست کی صبح پاکستان پہنچے گی,1
ماہرین نے خبردار کیا ہے کہ معاشی بحران کے جاری رہنے کا مطلب خیراتی پروگراموں میں مزید کٹوتی نہیں ہے۔,0
قومی ائیر لائن پی آئی اے کا جشن آزادی پر کرایوں میں کمی کا اعلان,1
دیشا پٹانی نے ہدایتکاری کی دنیا میں بھی قدم رکھ دیا,1
دہشتگردوں، انکے سہولت کاروں اور اکسانے والوں کو نہیں چھوڑا جائے گا: آرمی چیف,1
لکھنؤ ریلی میں اینٹی سی اے اے مظاہرین کے ذریعہ اٹھائے گئے 'پاکستان عربی آباد' نعرہ,0
اعتماد کے ووٹ کیلئے پی ایچ ایف نے کانگریس اجلاس طلب کرلیا,1
وزیراعلیٰ بزدار کا پروٹوکول پنجاب کے اسپتال میں 2 سالہ بچے کی جان لے گیا۔,0
بھارتی میڈیا بالاکوٹ فضائی حملے میں '200 سے زیادہ ہلاکتیں' ثابت کرنے کے لیے پاکستانی فوجی کے جنازے کی ویڈیو استعمال کرتا ہے,0
انٹر بینک اور اوپن مارکیٹ میں امریکی ڈالر مزید مہنگا ہوگیا,1
ایبٹ آباد: بچوں کی نازیبا تصاویر، ویڈیوز شیئرکرنے میں ملوث 2 ملزمان گرفتار,1
پاکستانی اہلکار COVID-19 کے بحران کے دوران چھٹیوں کے کھانے کی میزبانی کر رہا ہے۔,0
محمد مالک یہ پروپیگنڈہ پھیلا رہے تھے کہ پنجاب حکومت ڈیبٹ/کریڈٹ کارڈ کی لین دین پر ادائیگیوں پر 5 فیصد چارج کر رہی ہے۔ جبکہ حقیقت میں، پنجاب حکومت نے بینکنگ چینلز کے استعمال کی حوصلہ افزائی کرنے کے لیے ٹیکس کی شرح کو 16% سے کم کر کے 5% کر دیا ہے، اس لیے معیشت کی مزید دستاویزات۔,0
نانک محل نارووال حویلی کوئی مذہبی مقام نہیں ہے۔,0
جوان افراد میں کینسر جیسا مرض تیزی سے کیوں پھیل رہا ہے؟ نئی تحقیق میں جواب سامنے آگیا,1
سوشل میڈیا پوسٹس پاکستان میڈیکل کالج کے داخلے کے امتحان کی لیک کاپی دکھاتی ہیں,0
انتخابات کے بعد راجستھان میں کانگریس کی فتح ریلی میں پاکستانی پرچم لہرایا,0
ملک میں فی تولہ سونا مزید مہنگا ہوگیا,1
یہ تصویر پاکستانی فوج کی ہے جو دہشت گردوں کی لاشیں نکالنے کے لیے سفید جھنڈا دکھا رہی ہے,0
پاکستانی فوجی فرار ہونے والے نوول کورونہ وائرس مریضوں کی تلاش کر رہے ہیں,0
راولپنڈی، پاکستان میں ایک ہسپتال کے باہر نوول کورونہ وائرس کے مریضوں بھیڑہے,0
جوکووچ نے کارلوس الکاریز سے ومبلڈن کا بدلہ لیتے ہوئے سنسناٹی اوپن کا ٹائٹل جیت لیا,1
پلوامہ دہشت گردانہ حملے کے بعد گورمہر کور نے پاکستان کا دورہ کیا,0
ماسکو: طیارہ حادثے میں ویگنرگروپ کے سربراہ سمیت 10 افراد ہلاک,1
ترک صدر رجب طیب اردوان کا کہنا ہے کہ پاکستانی وزیر اعظم عمران خان پاکستان کا سب سے بڑا دشمن ہے,0
ڈان نیوز نے ایک خبر شائع کی ہے جس میں دعویٰ کیا گیا ہے کہ پنجاب بھر میں قرنطینہ مراکز بند کیے جا رہے ہیں۔ ڈیجیٹل میڈیا پر وزیراعلیٰ کے فوکل پرسن اظہر مشوانی نے جواب دیا اور جعلی خبروں کی تردید کی,0
مشہور شخصیت کی موت کا جھانسہ: 'بے واچ' اسٹار پامیلا اینڈرسن نہیں مری۔,0
کورونا وائرس کی وجہ سے لاک ڈاؤن کے باوجود خواتین خریداری کے لئے باہر چلی گئیں,0
مسافروں سے بھرے طیارے میں دوران پرواز پائلٹ دل کا دورہ پڑنے سے چل بسا,1
جیو نیوز نے جعلی خبریں چلائی تھیں جس میں ان کا دعویٰ تھا کہ وزیراعظم عمران خان کی تنخواہ میں اضافہ کیا جا رہا ہے۔ لیکن حقیقت میں؛ ایسی کوئی بات نہیں ہے اور یہ صریح غلط معلومات تھی۔,0
ویڈیو: رنگے ہاتھوں پکڑے جانے پر بھارتی سرکاری ملازم نے رشوت کے 5000 روپے کھا لیے,1
سپریم کورٹ نے توشہ خانہ کیس کی سماعت اسلام آباد ہائیکورٹ کے حکم تک ملتوی کر دی,1
چیچہ وطنی میں 7 سال کی بچی سے مبینہ زیادتی، ملزم گرفتار,1
پاکستان میں سپر بلیو مون کا نظارہ کرنا کب ممکن ہوگا؟,1
لبنیٰ چیمہ کون ہیں؟ عمران اور بشریٰ کی شادی کی کہانی کے بعد جعلی ٹرینڈ نے عمر چیمہ کو نشانہ بنایا,0
کمسن ملازمہ ہلاکت کیس کے مرکزی ملزم کے جسمانی ریمانڈ میں مزید 5 روز کی توسیع,1
یونیسکو واقعی اسلام کو امن کا سرٹیفکیٹ دیتا ہے۔,0
یہ اللہ کا غضب ہے اور ہمیں نماز پڑھنی چاہیے,0
آئی ایم ایف نے اسد عمر کو ’مغرور‘ قرار دے دیا,0
ویڈیو میں دیکھا جانے والا شخص ایک پاکستانی صحافی ہے,0
پاکستانی کرکٹ کے شائقین ایک بینر رکھتے ہیں جس میں لکھا ہے ، ہم کشمیر نہیں چاہتے ہیں ، ہمیں ویرات کوہلی دیں,0
لینڈنگ کے دوران ہوائی جہاز کا تنگ فرار۔,0
پاور سیکٹر کا گردشی قرض 182 ارب روپے کم کرنیکا پلان آئی ایم ایف کیساتھ شیئر,1
ایک بحث میں سابق پاکستانی سفارت کار نے تسلیم کیا کہ بالاکوٹ حملے میں 300 افراد ہلاک ہوئے,0
روسی تیل سے فرنس آئل زیادہ پیٹرول کم نکلا، امپورٹ معطل کر دی گئی,1
الیکشن کو متنازعہ بنانے کے لیے نادرا کا جھوٹ جعلی خبروں سے ثابت ہوا کیونکہ متعدد عینی شاہدین نے تصدیق کی ہے کہ RTS ایپ واقعی کریش ہو گئی ہے۔,0
کچھ افراد قبل از وقت بالوں سے محروم کیوں ہو جاتے ہیں؟ عام وجوہات جان لیں,1
ویڈیو کے ساتھ مشترکہ وائرل دعوی غلط ہے ، یہ پاکستان کی ایک پرانی فوٹیج ہے,0
صرحا اصغر کے ساتھ زیادتی کی کوشش، مقدمہ درج,1
تشدد کا الزام: اداکارہ منسا، علیزے شاہ کیخلاف شکایت لیکر پولیس اسٹیشن پہنچ گئیں,1
راحت فتح علی خان کے گانے میں کنزہ ہاشمی اور بھارتی اداکار کرن واہی کی دھوم,1
حیدرآباد/ دہلی میں عید کے دوران لوگ خریداری کر رہے ہیں,0
سیف گھر کے باورچی ہیں، میں تو پانی ابالنا بھی نہیں جانتی: کرینہ کپور,1
کلپ میں دکھایا گیا ہے کہ لوگ پاکستان زندہ باد کے نعرے لگاتے ہوئے ایم پی بدرالدین اجمل کا استقبال کر رہے ہیں,0
معروف لوک گلوکار اسد عباس انتقال کر گئے,1
ویڈیو میں پنجاب کے باتالا میں دھماکے کو دکھایا گیا ہے,0
جموں و کشمیر میں سرپنچ بننے کے لئے 12ویں پاس ہونا ضروری نہیں، پوسٹ فرضی ہے,0
قانون سازی سے متعلق کابینہ کمیٹی تشکیل دے دی گئی,1
رانی پور میں تشدد سے جاں بحق 10 سالہ بچی سے جنسی زیادتی کے شواہد مل گئے، میڈیکل بورڈ کی رپورٹ,1
بورے والا میں نشئی باپ نے چھری مار کر 13 سالہ بیٹی کی آنکھیں ضائع کر دیں,1
تصویر میں دکھایا گیا ہے کہ پاکستانی سیاست دان، فضل الرحمان، ایک اسلامی عالم، دوران پرواز شراب نوش کر رہےہیں,0
مریضوں کا علاج کرتے ہوئے کورونا وائرس کا شکار ہونے والے پاکستانی ڈاکٹر ڈاکٹر اسامہ ریاض نے مرنے سے پہلے ہم سب کے لیے ایک پیغام چھوڑا تھا۔,0
میری جڑی بوٹیوں والی چائے لینے کے بعد بہت سے کورونا وائرس مثبت مریضوں کے ٹیسٹ کے نتائج منفی آئے۔ میں برطانیہ اور پاکستانی حکومتوں کو چیلنج کرتا ہوں کہ یہ یقینی طور پر ایک دن میں وائرس میں مبتلا ہر شخص کو ٹھیک کر دے گا۔,0
عمران، اسٹیبلشمنٹ دوستی ناممکن کیوں؟,1
ہندو انتہا پسندوں کی دھمکی، سیما نے خود پر بننے والی فلم میں کام کی پیشکش ٹھکرا دی,1
چائلڈ آرٹسٹ کا دعویٰ تھا کہ وہ بھارتی ہندوستانی آرمی آفیسر کا بیٹا ہے,0
سلمان خان کے نئے ہیر اسٹائل کی وجہ کیا ہے؟,1
پاک لیفٹیننٹ کرنل مذہبی بنیادوں پر امتیازی سلوک پر اپنی حکومت اور پاک فوج کی مذمت کرتے ہیں,0
شیر شاہ پولیس نے چھالیہ اور انڈین گٹکا اسمگلنگ کی کوشش ناکام بنا دی,1
پاکستان اسٹاک ایکسچینج میں کاروبار کا مثبت رجحان,1
پاکستانی سیکس ورکرز، جن کا کہنا ہے کہ مشرق وسطیٰ کے ممالک میں ان کا پرتپاک استقبال کیا جاتا ہے۔,0
بٹگرام چیئرلفٹ واقعہ، وزیراعظم نے امدادی کاموں میں شامل فوجی و مقامی افراد کو ملاقات کیلئے بلالیا,1
چین نے اپنے ملک کو پاکستان سے جوڑنے کے لئے 880 کلومیٹر لمبی شاہراہ تعمیر کی ہے,0
مارک زکربرگ سیاست میں آنے کا سوچ رہے ہیں۔,0
آئی فون نے آگ میں پھنس جانے والے خاندان کی زندگی بچالی,1
موت کے 800 سال بعد بھی چنگیز خان ماہرین کے لیے معمہ کیوں بنا ہوا ہے؟,1
توشہ خانہ کیس میں عمران خان کی اپیل پر سماعت: الیکشن کمیشن کے وکیل آج دلائل دیں گے,1
میں مردہ نہیں ہوں، میں دہراتا ہوں، میں مردہ نہیں ہوں!! موسیقار بلال خان,0
کین ولیمسن اور ان کے آدمی کئی محاذوں پر تاریخ رقم کر سکتے ہیں، اس بات پر منحصر ہے کہ اتوار سے ہیگلے اوول میں ان کا کرایہ کس طرح ہے۔,0
سوشل میڈیا پر اپنی موت کی جھوٹی خبریں پھیلانے پر ایک شخص نے صحافی کی پٹائی کر دی۔,0
مالی سال 2023 میں بیرونی سرمایہ کاری میں77 فیصدکمی ہوئی,1
پاک، امریکا اقتصادی تعلقات کے فروغ کیلئے مشترکہ کوششیں کریں گے: امریکی قونصل جنرل,1
ہندوستانی فوج کشمیر میں مسلمانوں کو دھکیل رہی ہے۔,0
تصاویر ہریانہ اور پنجاب میں جاری کسانوں کے احتجاج سے ہیں,0
یہ ہے راکھی ساونت کی حقیقت۔ وہ فخر کرتی ہے کہ اسے ہندوستانی ہونے پر فخر ہے لیکن وہ پاکستانی پرچم کو گلے لگاتی ہیں,0
کیف کے قریب یوکرین کے قصبے بوچا میں ہلاک ہونے والے شہریوں کی تصاویر نے اپریل کے اوائل میں دنیا کو خوفزدہ کر دیا تھا۔ مارچ کے آخر میں روسی افواج کے انخلاء کے بعد سینکڑوں لاشیں شہر کی سڑکوں پر بکھری پڑی تھیں۔,0
ویڈیو میں بھارتی اور پاکستانی فوجیوں کو کرتار پور راہداری کی افتتاحی تقریب میں رقص کرتے دکھایا گیا ہے,0
وہ غذائیں جو آپ کے پھیپھڑوں کو دمہ جیسے مرض سے تحفظ فراہم کر سکتی ہیں,1
بلوچستان کی آبادی میں کمی کا معاملہ ہائیکورٹ میں چیلنج,1
ہندوستانی فوج کشمیری خواتین کو اذیت دے رہی ہے,0
پاکستان کا مجموعی قرضہ کتنا ہوگیا؟ اسٹیٹ بینک کی رپورٹ جاری,1
ہندوستانی پرچم میں لپٹی ہندوستانی فوجیوں کی تصویر پاکستان کی طرف سے حالیہ گھات لگا کرکیے گئے حملوں کی ہیں,0
مسئلہ کشمیر پر وزیراعظم نواز شریف کے آج قوم سے خطاب کرنے کی خبریں بے بنیاد ہیں۔,0
جب کہ دوسرے ممالک میں کورونا وائرس کے ٹیسٹ مفت یا معمولی معاوضے پر کیے جاتے ہیں، ہندوستان میں اس کی قیمت 4500 روپے ہے,0
یونان کے جنگلات میں آگ لگنے سے 20 افراد ہلاک،کئی مکانات اور گاڑیاں جل گئیں,1
ہندوستانی فوجی صبح 4.30 بجے پاکستان پر فضائی حملہ کرنے کے بعد جشن منا رہے ہیں,0
تصویر میں پاکستان کے شہر پشاور میں حال ہی میں افتتاح کیے گئے بیڑے سے ایک بس کو پیش آنے والا حادثہ دکھایا گیا ہے,0
اسرائیل کی جانب سے جعلی خبروں کی کارروائی مشرق وسطیٰ میں جنوبی ایشیائی تاجروں کو نشانہ بناتی ہے۔,0
کراچی میں تاجرکا پوتا اغوا، 8 کروڑ روپے تاوان طلب,1
بیرونی قرض کی ادائیگی کے بعد اسٹیٹ بینک کے ذخائر مزید کم ہوگئے,1
افغان حکومت کا ملک میں سیاسی جماعتوں پر پابندی کا اعلان,1
شہدادپور میں 12 سالہ بچی سے اجتماعی زیادتی کی تصدیق کے بعد چار ملزمان گرفتار,1
پاکستان نے سیالکوٹ میں کنٹرول لائن کے اس پار سے توپ خانے کے گولے فائر کیے,0
موبائل ایئر فون لگا کر دنیا سے لاتعلق لڑکی کی جان جاتے جاتے بچی,1
ملکی تاریخ میں پہلی بار ڈالر نے ٹرپل سنچری مکمل کرلی,1
مردان: مکان کے تنازعے پر خاتون اور اس کے 3 بیٹوں کو قتل کردیا گیا,1
جے این یو کیمپس میں پاکستان مخالف نعرے لگائے گئے,0
مرتضٰی بھٹو قتل کیس کے ملزمان کی بریت کیخلاف اپیل 13سال بعد سماعت کیلئے مقرر,1
ڈی آئی خان کے سرکاری اسپتال میں انستھیزیا کی زیادہ مقدار سے نوجوان جاں بحق,1
خیبرپختونخوا کی نگران کابینہ کے 9 وزراء کو محکمے الاٹ کردیے گئے,1
شاہین کے بعد قومی ٹیم کے مزید 2 کرکٹرز آئی ایل ٹی ٹوئنٹی لیگ کا حصہ بن گئے,1
ائیر مارشل چندر شیکھرن ہری کمار کو پاک فضائیہ کے ساتھ حالیہ مصروفیات میں ہندوستانی فضائیہ کے اپنے طیارے کھونے کے بعد برطرف کر دیا گیا ہے۔,0
پیٹرولیم مصنوعات کی قیمتوں میں 20 روپے لیٹر تک اضافہ، قیمتیں ملکی تاریخ کی بلند ترین سطح پر پہنچ گئیں,1
عادل نے میری غیر اخلاقی ویڈیوز 47 لاکھ میں دبئی میں فروخت کیں: راکھی کا الزام,1
فیفا ورلپ کپ کے مدان میں فلسطین کا پرچم رونالڈو نے نہیں لہرایا، مراکش کے فٹبالر جواد الیمق کا ویڈیو گمراہ کن دعوی کے ساتھ وائرل,0
ایشیا کپ اور ورلڈکپ سے قبل بھارتی کپتان نے کھلاڑیوں کو کیا پیغام دیا؟,1
ایشیاکپ: پاکستان پر بھارتی ٹیم میچ کے دوران کب بھاری پڑسکتی ہے؟ راشد لطیف کا تبصرہ,1
بشریٰ مانیکا کی عمران خان کے ساتھ نماز ادا کرنے کی جعلی ویڈیو وائرل ہوگئی,0
پاکستانی سازش کے نتیجے میں گوبیک موڈی ٹرینڈنگ ہوا جب ہندوستانی وزیراعظم نے چنئی کا دورہ کیا,0
بھارت سے دریائے ستلج میں چھوڑے جانیوالے سیلابی ریلوں نے تباہی مچا دی,1
کراچی: ایم پی اے کے بھائی، بھتیجے کا قتل، مرکزی ملزم کے بلوچستان فرار ہونے کی اطلاع,1
بھارت کی کم عمر امیر ترین اداکارہ انوشکا سین کے اثاثوں کی مالیت کتنی ہے؟,1
اے آئی یو ڈی ایف کے سربراہ بدرالدین اجمل کی آمد سے قبل سلچر ہوائی اڈے پر پاکستان کے حق میں نعرے لگائے گئے,0
لاک ڈاؤن کی جعلی خبریں وائرل، زلزلہ آگیا,0
ویڈیو میں دکھایا گیا ہے کہ مسلم خاتون ہندوستان میں ڈاکٹروں پر چیخ رہی ہے,0
ویڈیو میں دکھایا گیا ہے کہ پولیس اہلکاروں نے پنجاب میں کوویڈ 19 کے مریضوں کو گرفتار کیا,0
اس ویڈیو میں برطانیہ میں مقیم ہربل ڈاکٹر نذیر احمد نے دعویٰ کیا ہے کہ انہوں نے ایک خصوصی پودے سے تیار کی گئی چائے سے 150 سے زیادہ کووِڈ 19 مریضوں کا علاج کیا ہے۔,0
ویڈیو میں دکھایا گیا ہے کہ برقعہ پوش آر ایس ایس شخص کو پاکستان کا جھنڈا لہرانے کے الزام میں گرفتار کیا گیا ہے,0
پیاز کی بو نے طیارے کو ایمرجنسی لینڈنگ پر مجبور کر دیا,1
شاہ رخ خان نے پاکستان دھماکے کے متاثرین کو 45 کروڑ کا عطیہ دیا۔,0
ویڈیو میں بھارت اور پاکستان کے درمیان جنگ بندی کی حالیہ خلاف ورزیوں کو دکھایا گیا ہے,0
عالمی منڈی میں خام تیل کی قیمتوں میں اضافہ,1
 تصویر میں نظر آرہی چرواہا بچی فرانس کی سابق وزیر تعلیم نجات ولود نہیں ہے۔ تقریبا ایک دہائی قبل کی یہ تصویر یونیسیف کے ایک پروجیکٹ کے دوران مراکش میں فوٹوگرافر گائیکومو پروزی نے کھینچی تھی,0
اس ویڈیو میں دکھایا گیا ہے کہ پاکستان کے سابق سفارت کار بھارت کے فروری 2019 میں بالاکوٹ میں فضائی حملے میں 300 افراد ہلاک ہوئے تھے,0
ناگپور ریلوے اسٹیشن سے پائے جانے والے بچے ، پولیس کنبہ کو تلاش کرنے میں مدد لیتے ہیں,0
نگران وزیر خزانہ کی ایف بی آر کو 9400 ارب روپے محصولات کا ہدف حاصل کرنےکی ہدایت,1
پاکستان کے ایک خیراتی ہسپتال نے نئے کورونا وائرس کے ٹیسٹ کے لیے مریضوں سے فیس وصول کی ہے,0
ایشین گیمز کیلئے مختلف کھیلوں کے 67 آفیشلز کے نام فائنل کرلیے گئے,1
وزیر اطلاعات شبلی فراز کا جعلی اکاؤنٹ ہے۔ انہوں نے اپنے اصل اکاؤنٹ سے ٹویٹ کرکے اس کی وضاحت کی ہے۔,0
افغانستان کیخلاف شاندار فتح: سرحد پار بھی پاکستانی بولرز کے چرچے,1
حالیہ برسوں میں ہائی بلڈ پریشر کے تیزی سے پھیلنے کی بڑی وجہ دریافت,1
پرائیویٹ خیراتی ادارے ایدھی فاؤنڈیشن اور چھیپا ویلفیئر ایسوسی ایشن کا اصرار ہے کہ ان کی ایمبولینس سروس، جو کہ ان کی آمدنی کا ایک بڑا ذریعہ ہے، کے مطالبے پر کوئی خاص اثر نہیں پڑا ہے۔,0
کراچی میں جعلی پیٹرول بل جمع کرانے پر چینی انجینئر کی پاکستانی ڈرائیور کو زدوکوب کرنے کی ویڈیوہے,0
فیک نیوز: شاہ رخ خان نے پشاور زلمی کو KKR کے ساتھ میچ کی پیشکش نہیں کی۔,0
وائرل پوسٹ میں دعویٰ کیا گیا ہے کہ پالگھر لنچنگ سے متاثر ہو کر پنجاب کے ہوشیار پور میں ایک سیرت پر حملہ کیا گیا ہے,0
کرکٹر یاسر شاہ کا حالیہ پاکستان انٹرنیشنل ایئر لائنز (پی آئی اے) کے مسافر جیٹ حادثے میں کراچی میں انتقال ہوگیا تھا,0
پاکستانی فوج نے 200 دہشت گردوں کی ہلاکت کا اعتراف کیا,0
آر ایس ایس کے کارکن دیپک مشرا کی فحش تصویرہے,0
پی ایم ایل این اور ان کے ہم خیال صحافیوں کی جانب سے جعلی خبریں اور پروپیگنڈا پھیلایا جا رہا ہے کہ بی آر ٹی پشاور کی تعمیراتی کمپنی بلیک لسٹ میں ہے۔ ڈیجیٹل میڈیا پر وزیراعلیٰ پنجاب کے فوکل پرسن اظہر مشوانی نے حقائق کے ساتھ جواب دیا ہے۔,0
ڈونلڈ ٹرمپ کا ر یپبلکن کے پہلے پرائمری مباحثے میں حصہ نہ لینےکا اعلان,1
اے آئی سی سی کے ترجمان کا کہنا ہے کہ بی جے پی جعلی خبروں کی سب سے بڑی فیکٹری ہے۔,0
فحش حرکات کا الزام، 18 ڈانسرز پر پنجاب بھر میں اسٹیج پرفارمنس پر پابندی لگانے کا فیصلہ,1
خان بابا کی ورلڈ ویٹ لفٹنگ چیمپئن شپ کی ویڈیو جعلی نکلی۔,0
سابق وزیر اعظم عمران خان کی حمایت میں پاکستان تحریک انصاف کے ملک گیر مظاہروں کی تصاویر کے طور پر AI سے تیار کردہ ایک تصویر اور سیاق و سباق سے ہٹ کر دو ویڈیوز پیش کی جا رہی ہیں۔,0
ترکمانستان میں 2018کے بعد سے پانی، بجلی اور گیس مفت نہیں ہے۔ عوام کو اس کی ادائیگی کرنی پڑتی ہے,0
ڈیفنس میں ایم پی اے کے بھائی اور بھتیجے کا قتل، سی سی ٹی وی سامنے آگئی,1
افغانستان کے خلاف ورلڈ کپ کرکٹ میچ میں جھڑپوں میں پاکستانی ہلاک,0
امریکہ کی دہشت گردی کے خلاف جنگ، جو 2001 کے دہشت گردانہ حملوں کے بعد شروع ہوئی تھی، افغانستان کی سرحدوں پر نہیں رکی۔ پاکستان، جو کہ امریکہ کا اتحادی ہے، کو طالبان کی شورش سے نمٹنے کے لیے چھوڑ دیا گیا تھا جس کے بارے میں خیال نہیں کیا جاتا کہ کوئی بھی شخص ہلاک ہوا ہے۔,0
